user_id,sku_id
13395,86604
20918,86604
20211,86604
752,35464
78698,36638
52932,36638
89888,36638
21628,49758
77310,49758
62707,20739
89887,126018
54496,126018
36637,14359
100288,4732
6766,4732
23275,11257
34411,138037
18972,138037
66802,138037
41014,138037
102709,145367
94671,166876
60477,646
35942,646
41989,646
83735,45656
36557,123016
26502,7196
72635,4595
34585,80462
30449,126012
3119,68600
81798,124196
101447,67609
66078,104845
97388,72967
14714,72967
33564,72967
72463,72967
37306,66968
9230,73469
29629,45173
12634,127836
8570,32529
39766,74900
88159,74900
84601,74900
29096,74900
34171,136526
51445,101181
57096,69209
39804,69209
93961,20719
9839,20719
57630,88414
82407,88414
6809,61531
10447,61531
74529,164258
71814,164258
57982,164258
48897,164258
53977,164258
46464,164258
50166,164258
26490,164258
10195,164258
49600,164258
52945,164258
33946,18103
53792,18103
70781,150879
80536,125699
23622,155792
42385,155389
41390,155389
42486,155389
37990,49311
58396,129598
38399,73467
89921,21078
101726,68767
40911,68767
31238,68767
74142,65823
37565,65823
893,65823
50355,47134
493,41200
50684,121274
12129,33942
23306,33942
47164,10628
60338,71940
25929,71940
90170,71940
57615,71940
72768,156696
9763,116131
92972,22962
67663,22962
56786,27582
96722,27582
68571,75588
4372,170400
15638,170400
85358,170400
29528,17290
13816,84639
61498,71184
76573,71184
98497,93163
51431,15259
60491,15259
16451,3706
9947,102548
43097,113963
103023,150863
49067,11036
32118,11036
65139,16222
34613,52476
8237,110899
24586,44705
31784,93884
77488,137636
24132,59769
43795,153807
34182,158569
93597,137626
47560,66220
10974,166112
43523,17742
62444,78327
43108,54209
32968,112141
83423,5888
99557,140921
79660,171002
75953,46510
45926,129945
75119,104317
101580,107700
8268,8585
39302,57074
97328,24371
54034,24371
48805,24371
51740,170453
27051,139087
90162,139087
40274,31870
50863,66844
80512,109625
54869,106912
76006,97420
102507,84389
30406,84389
51819,84389
2058,73834
59558,45678
92502,96652
76182,50457
85710,153214
21702,45797
53092,18031
30188,79616
50883,63231
95830,63231
66092,4021
28181,25754
61562,24774
83680,140029
94279,80082
29660,139840
99485,139840
59833,16141
4152,16141
81327,64467
100937,112332
29769,112332
49956,149641
52649,149641
68055,86551
36334,24432
85144,25003
38734,25003
35799,25003
6682,67241
55100,111778
91008,73773
56064,162658
12008,32744
59122,109840
43015,83347
62103,70839
19285,57018
41335,57018
83128,57018
84439,57018
30932,170284
100769,143527
21093,142295
79102,32465
3808,166707
99168,166707
31478,56792
59472,79520
38360,79520
56196,52343
50082,52343
97144,52343
44355,52343
100048,20808
68837,109084
78011,142667
17873,45980
61640,45980
102927,75877
15360,75877
62691,44854
48621,2100
2318,2100
38875,164318
6744,28295
30039,28295
99870,43960
4267,43960
65263,83363
88880,38222
30739,52283
4390,165190
95723,13334
96039,13334
36159,32876
85656,132190
88273,132190
78957,26162
85385,89629
48606,104937
27101,156484
23214,156484
81646,156484
97763,156484
91662,15987
22649,9397
63072,8793
7540,108328
4438,108328
54449,108328
9970,110904
91671,110904
72807,16824
99235,74798
23012,79080
48523,79080
72556,55497
19182,99407
9296,99407
57713,99407
75800,99407
63262,125987
10766,125987
93720,46894
77174,46894
35244,150585
25175,150585
42814,22140
11969,22140
58136,22140
64951,157215
47078,157215
2176,116820
78141,116820
14916,116820
95584,48154
100635,17660
99144,17660
20188,17660
33694,17660
51860,161792
4414,77079
42782,166345
15532,166345
82885,166345
82717,166345
51222,110310
51194,110310
37452,168200
99189,168200
72462,82259
97303,162406
90627,118569
95557,85580
8559,166619
71179,146749
19012,124470
85834,124470
23486,10098
36746,10098
31881,135859
37690,24219
58361,24219
79155,7434
50699,62562
81589,30740
6849,94373
78150,94373
3848,170626
74447,170626
3555,123773
1285,60833
63298,147898
38707,70936
71953,18676
41789,166524
41632,122915
67979,103102
13985,9439
86579,9968
31759,9968
60366,19062
37165,7418
36256,98685
30408,98685
11095,70888
49923,42988
27360,75043
5289,110944
59262,54357
66364,112550
15222,77745
76317,77745
32061,105630
64704,14739
61069,14739
95786,103234
2446,136405
35178,103234
44386,3067
75593,10598
4085,10598
31006,76996
53958,121595
76310,149854
117,149854
89229,149854
54276,6694
76381,6694
67018,6694
37339,6694
2334,6694
28396,6694
57740,70510
59142,91145
16780,71801
20804,71801
21215,119879
53645,124951
11928,88312
39681,88312
26902,99415
94894,99415
15725,99415
64050,99415
24345,99415
38817,56797
74280,56797
50879,56797
32234,164252
43261,91957
36724,91957
81368,124535
81979,168434
42108,168434
65244,10373
35771,114550
100375,126623
39716,126623
56884,49474
103443,49474
3757,49474
11491,49474
57169,22238
18812,155017
48514,23163
98233,55792
9939,7295
37704,118317
16123,153551
80146,80130
26891,80130
8235,80130
49151,147622
80683,6424
79573,108876
2152,51916
97076,51916
39221,82600
4654,69391
66228,16756
90236,163009
20445,38805
32154,50086
33762,39425
84920,39425
94577,51852
58013,47107
29701,51852
10802,47107
39896,163680
48997,47107
43379,47107
88865,163680
7636,163680
40856,163680
77938,47107
97319,47107
81209,146484
99616,103675
35032,146523
26298,157595
10859,10446
76277,99491
10466,133657
30892,28443
23428,118053
18310,78412
77203,142140
42898,142140
95597,107711
101177,126535
20339,31662
55688,117144
19172,31662
12714,31662
68995,117144
51325,36307
95921,153395
11042,36307
2600,21147
17279,21147
40197,138778
33416,152478
87381,69858
45126,14163
73083,39062
90181,47213
78291,47213
14486,159187
39177,5825
34524,5825
50581,5825
24449,5825
3376,159187
94794,5825
86922,5825
91020,154636
4432,154636
74410,28276
33239,50986
19548,154636
46122,154636
91046,117882
41811,117882
43384,90646
89793,2538
80302,129010
70924,108097
58544,63006
103099,63006
100249,63006
81554,131777
63619,63006
81167,63006
45975,63006
48796,63006
3426,63006
40031,63006
12800,63006
3746,63006
4519,63006
39259,63006
44511,63006
4303,63006
4174,63006
31550,63006
42949,114568
65968,114568
67798,114568
67156,114568
91722,63006
73015,114568
93157,63006
62108,63006
102855,63006
57468,63006
53657,63006
102965,151327
48711,63006
17682,58227
43805,63006
35559,63006
54822,90294
17471,63006
80408,63006
59080,169819
6348,63006
51943,63006
54267,63006
45428,63006
11684,169819
3795,63006
101674,169819
3243,169819
44435,12564
9744,12564
85631,12564
10393,6533
96748,12564
97533,12564
9341,21457
57925,21457
89133,12564
15683,166897
94086,12564
50274,166897
95774,166897
12708,41009
51887,12564
36769,41009
45903,41009
38328,12564
31189,12564
29746,12564
41637,12564
32764,44957
76051,76301
32749,64160
26949,12564
9581,12564
5581,12564
508,12564
47143,113675
18224,12564
43182,12564
49541,52185
15837,66638
20787,66638
103073,12564
93474,12564
60810,12564
96604,18412
12590,18412
36686,18412
31268,78694
16275,18412
91763,147573
38459,18412
86585,18412
87966,18412
80781,18412
34433,111391
81521,18412
43045,111391
23542,18412
8269,18412
49455,81515
82046,166384
96569,5505
38917,78285
62833,78285
21263,145303
4304,5505
80442,5505
37210,155707
4502,34293
75248,53144
67683,5505
97282,134176
63611,135272
86560,135272
49821,135272
13498,87207
72179,67602
47721,128977
92760,37546
34944,47408
52988,164954
33896,8699
82433,140458
45433,120498
66689,140458
72159,103126
65447,140458
23381,70491
59707,123578
42771,7746
10001,9702
50043,139585
27029,131818
57036,7433
68128,84205
51678,5503
11972,5503
3711,5503
80720,5503
88328,5503
78540,5503
31017,5503
89483,5503
89764,5503
93591,5503
28084,5503
7525,74280
38651,74280
30877,74280
70014,156650
63279,42440
68915,42440
49463,38604
4363,61226
85295,93295
17672,68718
62461,76052
81455,49367
99205,95376
67372,125975
45642,106667
13129,106667
49051,21159
85185,106667
48196,51205
76968,61963
20645,89007
3334,89007
30149,139998
37357,73870
45221,73870
13614,789
101004,1203
32160,73874
100209,73341
4000,73341
86608,3930
41980,116430
75618,74655
33103,61796
42161,67610
16122,115757
64154,26229
101357,53886
54091,79309
32734,113783
14371,112316
17745,96889
15253,9069
46194,126641
86162,167131
55164,97162
37485,41009
4344,41009
30733,97162
43310,122278
19393,169819
86852,169819
44387,154636
49763,154636
98652,151327
4678,151327
32127,151327
6041,154636
89259,8607
16282,116359
51743,140807
52478,109912
39516,140807
36914,140807
51333,94373
95399,9159
54357,109728
22880,9159
89474,41103
24910,119697
20870,168136
5348,58756
94793,136295
628,77134
17978,94373
73005,131364
62247,70153
90686,7418
64322,7418
63996,98685
26076,72399
21001,72399
4662,170626
55911,103652
56458,29679
92244,164252
19474,168434
34768,168434
43910,170626
26925,5916
55084,136670
97664,33726
47178,112550
67625,87310
92953,168373
17579,55792
81581,117739
53935,70936
98955,155343
89759,70936
9683,163009
78388,51852
103611,51852
44323,163680
45242,163680
44280,75059
54831,131300
42067,10598
77928,26395
75121,64151
79140,131300
27824,23687
27793,65040
89288,140015
97211,110086
37273,36307
45127,144267
101814,144267
79902,36307
61866,36307
16712,36307
4064,36307
3822,131300
80842,10984
50089,30971
94887,159187
4383,159187
1113,159187
41438,123556
79057,28276
35088,28276
18442,50986
31149,125756
39559,43533
4602,117882
101442,71801
81087,71801
80988,71801
3931,71801
35309,119879
45395,165884
40695,9968
27756,9968
73143,103085
58426,106310
44450,63006
25057,63006
78689,60839
21592,95291
12081,63006
83358,116489
98687,116489
76127,63006
85207,12564
82463,124951
12337,99993
30994,86427
42643,12564
20854,86427
13707,153367
74688,13007
9319,86427
79611,18412
42862,99415
78191,99415
101010,99415
4583,99415
67552,56797
20665,5505
23334,13007
100114,117692
35116,143343
45665,47408
89509,65210
31765,47408
23599,75043
87773,75043
58187,126918
59497,163193
17674,168573
36123,168573
29118,93752
89494,129855
19789,119979
63475,21159
74316,140944
23000,126623
46278,54357
34536,139998
45707,49474
3430,31998
80382,38019
48883,38019
47088,38019
53114,73341
36356,73341
100740,19213
27499,7295
9682,7295
62217,61796
34546,148200
73698,90070
7091,93829
5050,51916
42605,94724
32774,95976
75440,150596
37989,98989
15294,98989
37074,98989
43255,96129
53476,63846
68020,120076
18564,156471
51396,23823
82188,156471
954,142477
4416,142477
18846,129711
37754,60133
91771,159158
48233,96889
29156,112316
71186,130368
96561,60533
66383,169080
91872,68445
58406,48507
4466,67610
20903,47107
85582,102335
62050,102335
75245,144742
18592,144742
82935,77745
24968,98840
71120,159123
72174,95974
27247,157595
20635,99491
70599,104222
102044,1286
20481,34581
14709,10167
36838,164289
28304,95376
91210,124181
4614,9627
53272,24900
22806,147898
9183,18912
50517,123970
11144,64709
51122,126535
16388,108410
4858,42199
26222,42199
24651,42199
64999,42199
20730,42199
90247,38572
53118,31662
36942,142894
95326,112301
33590,112301
2447,112301
86497,112301
42238,65785
91424,65785
85749,19950
98404,3067
2708,62330
1639,165387
28212,3067
10504,3067
81542,10768
74515,166772
69194,135272
56368,135272
36182,135272
13948,153837
57696,138778
83288,138778
4644,166354
79901,166354
43584,166354
102607,46733
59846,46733
65567,118167
38872,101348
76193,64182
77229,76996
37770,97162
95051,111391
39202,111391
2847,111391
18109,157827
77966,120580
30080,97162
7584,51307
72621,59580
85888,147796
63681,120419
24572,14143
78481,64160
12746,64160
56632,76301
21050,140842
38865,112141
35882,82855
7891,6774
13687,18279
85460,4021
37449,79616
92271,8585
92556,8585
45501,8585
625,8585
80209,24371
3427,24371
43403,159981
100235,43405
40975,153214
49245,29827
79473,70309
8501,69587
38273,84389
54693,646
101391,116420
10884,147997
78132,84389
81865,79636
2596,79636
48927,79636
83064,117210
94774,117210
77489,117210
101573,7196
86255,111017
61335,165391
9776,121665
26013,121665
65561,68654
29411,93169
6777,17660
19884,144589
55770,7434
7835,146353
36219,38388
9984,1628
63171,157850
92871,67609
94714,67609
74733,149398
32656,116820
24312,116820
77670,102313
66821,96959
44938,46174
46771,96959
75926,126530
17968,37578
19521,20440
64204,22140
44518,66968
3825,117734
4299,117734
51256,31107
44557,45173
33249,141614
13740,91554
21227,60861
87377,54934
38343,99407
4391,55497
91844,145705
29379,151981
95918,135859
9200,165075
78497,108328
91973,10677
98384,10677
98339,151208
77381,62351
55129,86604
78312,74900
83125,97007
53164,136526
4498,86604
16094,136526
100181,97007
21032,97007
49043,73398
88764,101181
96841,69209
64181,36638
97318,36638
18982,47157
88543,32876
67134,162573
48899,165190
44136,20719
70731,20719
3852,20719
2383,38222
72219,20719
13345,126146
1086,83363
76862,10348
36265,28295
5273,2100
16073,2100
49004,164211
84961,164211
40217,18103
38051,164211
61442,18103
80935,125699
22872,125699
37458,106927
10353,34547
2905,20739
30972,161251
15684,161251
73365,45980
64525,59259
58311,59259
103361,126018
76663,127735
55830,167310
34646,129598
72495,107061
44550,68767
41415,52343
60258,52343
88344,52343
75372,52343
98511,79520
19481,79520
85626,166707
102533,166707
91354,166707
52067,32465
96801,160600
39778,81802
9317,10628
39886,160600
102028,87230
102131,116131
12988,112819
85988,141583
11834,141583
15095,22962
24131,22962
29625,22962
26574,22962
36019,22962
73545,22962
45997,22962
100691,22962
78836,22962
95604,22962
19744,27582
91941,27582
36625,27582
96827,57018
62713,170400
84851,170400
79313,84639
3568,71184
18194,31180
4487,3706
14645,7832
42069,113963
92523,109840
32689,111778
13165,16222
50192,111778
89875,67241
88209,41778
14603,44705
62087,75963
87546,44705
66807,44705
11673,116730
18635,116730
17032,25003
12734,25003
86317,25003
93229,130017
7372,86551
92892,86551
43073,149641
4332,106814
80204,149641
75318,149641
100595,166345
52161,166345
13075,91657
39970,139840
43621,23696
65297,126759
22876,80082
2996,138037
2454,140029
98748,26032
51853,165594
19727,165594
85387,165594
49574,165594
23168,37427
7784,37427
34174,37427
78825,37427
33353,37427
76614,37427
7337,37427
41208,37427
32950,46482
63581,46482
35827,46482
9824,46482
56003,62400
89663,62400
79503,97162
27734,166813
98603,109083
100437,70936
89431,70936
6276,131300
1473,131300
63666,131300
59917,131300
44013,131300
30403,131300
34007,92192
72517,17529
74139,168397
101232,9439
20808,9439
398,47419
16688,9968
81232,149223
30897,149223
46687,69623
18741,69623
69927,69623
94874,69623
68314,69623
14936,12272
72018,12272
34708,12272
20135,12272
98707,155223
19601,42988
93489,93752
85302,54357
37899,54357
24520,54357
7302,54357
17259,54357
52288,54357
54858,54357
79142,54357
32493,54357
35399,54357
68038,63846
85564,97024
35535,159184
66122,157909
45472,157909
95776,157909
90638,53865
90836,14739
81565,14739
62638,14739
79585,53371
72202,50142
33371,33286
30653,33286
42670,33286
78057,33286
11065,33286
35526,8595
90554,40964
66095,40964
95999,40964
61688,40964
89041,40964
79905,40964
54860,40964
57861,40964
32675,40964
34817,40964
43742,40964
8901,40964
91520,40964
102357,40964
32699,40964
17711,40964
43302,40964
9280,58128
99379,58128
16502,36976
4893,36976
37831,111532
17601,111532
37063,111532
21305,111532
22692,111532
26705,111532
76589,111532
8596,111532
13920,111532
4698,111532
47209,111532
21960,111532
63826,111532
93443,111532
61988,111532
88349,111532
58696,111532
78138,111532
21982,97515
23036,6694
31436,70153
40944,158917
38619,158917
20629,158917
54321,129313
38122,121559
61084,103652
43727,103652
12064,14844
15208,145990
14107,145990
9313,72073
51204,10373
47676,10373
7678,10373
44198,10373
74369,10373
40140,119831
82258,27770
91017,27770
53488,111569
45484,5916
33240,5916
25516,155017
59979,155017
95575,55792
98657,122461
77097,8648
30232,17416
40512,149745
44491,137100
73131,137100
37213,137100
17421,137100
56701,137100
55272,137100
100988,137100
83009,137100
25465,137100
27680,137100
43274,137100
7082,137100
44966,82495
8419,82495
98718,82495
14179,82495
77748,82495
74145,82495
4151,82495
51257,116733
38291,163680
34986,163680
55368,163680
64579,163680
48889,163680
45921,153698
46060,60870
66850,19454
3778,6238
48499,117144
58469,30971
56506,155721
77226,155721
74908,134286
53231,6468
18038,6468
49315,6468
29474,6468
10138,6468
32513,6468
1438,6468
56431,6468
55220,6468
48801,6468
101607,6468
81260,6468
88950,6468
57667,6468
65571,6468
86723,6468
87369,6468
75956,6468
78885,6468
55873,6468
28550,6468
28830,6468
8352,6468
30575,6468
30717,6468
19593,6468
42040,6468
72382,6468
59161,6468
90391,6468
60873,6468
95349,6468
72930,6468
7471,6468
24564,6468
13285,47213
18716,47213
78048,47213
99353,47213
81799,15921
87742,159187
74196,159187
55869,159187
4015,99646
28521,123556
23757,28276
19310,50986
96203,117882
78453,117882
24163,90646
46225,90646
47392,90646
13561,118923
54536,63206
3214,35586
94834,35586
75938,46906
88187,46906
37330,46906
35230,73978
3179,100250
84513,63006
13185,63006
41927,63006
72352,12564
9507,18412
54987,18412
40916,18412
57142,143343
89007,5365
7157,58177
26180,58177
12501,58011
73107,58011
56806,58011
24907,58011
68471,58011
69980,58011
31045,122186
744,54265
58169,54265
103259,47408
95658,140458
34047,93070
101167,93070
68992,5503
61116,5503
28638,108140
14401,88764
71611,88764
91065,88764
13722,88764
95996,119979
34343,140944
20343,12772
144,72348
34456,72348
44567,72348
16293,72348
4183,72348
18683,72348
55193,72348
68110,72348
63877,72348
32795,72348
73346,72348
67849,72348
87082,72348
57113,72348
72955,72348
101977,72348
55036,72348
56962,72348
100178,72348
15956,72348
47974,72348
18428,72348
29493,72348
48822,72348
51557,72348
5895,72348
22797,72348
26684,72348
91374,139998
55604,82824
25026,82824
65259,17381
33863,135089
81144,19213
80027,143981
38923,20819
57668,111628
100066,152015
85243,96306
3789,116364
79036,83325
30566,83325
12478,83325
27442,83325
61024,83325
96694,83325
55520,83325
28949,75781
61062,136919
16443,156471
96024,62080
13094,62080
36147,62080
42675,62080
44670,62080
71017,62080
65426,62080
71074,32260
82180,167131
101409,167131
92687,162344
62969,90456
92098,90456
55813,30218
30162,58277
8497,36159
13696,77275
11587,19973
17153,24679
28565,100874
89691,100874
35897,77632
90432,49428
86378,9069
30636,9069
24300,9069
55425,129711
20003,96889
29316,60533
7384,164833
21784,26229
72411,26229
29012,135147
16770,115757
43610,67610
61017,67610
99066,109349
38286,109349
31959,109349
69938,109349
85937,140412
52333,122027
69560,144742
34618,149841
1492,149841
99907,149841
62133,149841
89570,149841
81635,149841
69050,149841
69526,149841
87241,149841
73510,149841
6532,149841
15968,149841
43009,149841
47926,149841
3635,149841
18082,149841
84238,149841
78668,149841
88389,57967
1029,57967
38940,27254
38565,33445
95101,19042
61632,11640
36903,142010
78385,51205
47411,36692
91350,36692
44616,36692
69144,36692
87016,112031
67561,95376
46118,118442
9691,121204
13621,112919
4864,150270
55703,141126
47215,149016
42969,38604
60899,38604
22864,108410
63511,156650
53692,156650
32315,156650
11921,74280
84732,36503
37033,166725
58010,37009
41413,37009
24034,37009
35655,37009
75261,37009
8147,37009
99048,162108
80336,162108
89788,162108
43897,162108
40962,162108
16041,162108
11772,162108
15495,162108
59911,162108
55524,114106
55337,139585
48512,142894
75341,44863
96427,112301
54509,110697
86402,70491
60038,70491
99164,70491
13178,70491
46513,70491
79838,70491
65828,70491
77963,70491
7267,70491
42628,70491
49588,70491
18769,70491
92872,70491
68164,70491
80643,103126
14217,8699
80568,137129
14375,19950
98862,19950
99045,19950
101583,37546
24853,140166
7129,151139
30764,151139
29198,102166
40717,101412
46086,101412
93459,101412
34831,39881
68018,135272
13110,60980
4739,32644
63076,75018
73818,75018
12711,75018
47412,75018
42666,75018
15444,75018
72980,75018
30187,75018
41611,75018
86308,75018
10286,86742
4872,166354
70893,166354
11010,34293
63923,34293
15395,46733
52617,145328
8401,78285
77612,41887
92942,41887
87521,41887
29596,10089
63791,2072
101751,146386
63702,146386
4767,144549
96352,144549
12780,111391
84489,30972
42276,99340
18083,78694
15854,78694
62014,78694
58488,84544
97250,84544
76240,84544
56260,84544
93011,74036
43982,113675
70675,138651
55841,64160
2344,64160
80429,64160
16992,18341
87220,41009
44312,41009
39299,41009
66332,6533
103295,151327
35735,151327
33057,114568
65985,124894
38393,105971
97176,105971
63011,105971
77426,105971
78707,105971
34576,105971
9808,105971
34525,105971
10382,105971
4748,105971
21014,105971
34189,105971
31949,105971
87707,105971
92521,65441
50158,38741
78225,67295
57879,77571
35142,37957
53813,37957
57708,37957
101487,37957
51940,37957
50999,37957
79439,158623
75513,45813
14973,139648
93533,139648
38390,168136
45954,15661
53855,55143
29466,14098
33305,9159
96489,9159
71722,24395
60905,56145
28653,154636
48140,154636
42335,154636
41458,154636
44613,154636
41626,154636
93502,154636
88008,154636
59394,154636
43891,154636
9328,154636
16680,154636
51335,154636
83367,154636
72509,154636
102721,154636
84372,154636
60497,154636
74955,154636
74340,154636
96938,154636
4649,49611
90058,5825
75017,5825
19198,5825
12530,5825
4716,97025
34274,97025
36870,122369
50302,122369
27749,122369
65378,122369
66501,122369
47984,122369
66155,122369
14672,122369
47639,122369
23331,122369
6135,122369
14176,122369
41004,127838
2993,127838
46504,127838
17454,147796
78753,147796
39044,28159
46053,95870
53775,128567
83855,39253
97865,47193
62187,138778
59871,138778
64807,138778
82752,21147
89160,21147
64604,21147
16611,21147
3973,21147
13606,21147
35541,162671
69343,10768
94742,153395
97949,153395
53346,31662
75155,31662
99842,31662
70127,42199
98793,42199
85451,42199
58712,42199
30466,42199
6726,42199
1417,42199
58397,128121
60666,117771
56559,117771
36428,117771
32012,142140
2368,53785
84766,53785
102042,53785
4665,53785
51140,53785
59123,53785
459,74306
77077,157595
46921,130948
18037,130948
85158,130948
60243,130948
57177,130948
1953,46059
56666,47107
41164,37510
76276,103350
76492,142477
57851,20647
15419,98989
4510,3887
46619,82600
10247,51916
45223,160507
95246,56625
18723,7295
75920,142200
8012,38019
8736,90338
45246,90338
6713,23163
82014,22238
78535,22238
66854,126623
75849,105352
38793,169009
90768,155119
62369,72597
63828,44042
87732,44042
92488,44042
78780,44042
50745,124431
34115,55456
5121,103067
79960,64197
76015,136276
88206,136276
71730,136276
13106,136276
36931,136276
54185,136276
56170,114741
32398,111856
3707,125944
45268,56797
49549,56797
88887,56797
68336,56797
101400,88312
32174,88312
21318,88312
23998,88312
64515,88312
71032,88312
27786,11451
64394,99425
64977,99425
44005,99425
31390,99425
21609,99425
76763,99425
65750,99425
13102,99425
11181,99425
4610,99425
7701,99425
78794,99425
65810,99425
101033,99425
94219,99425
97159,99425
59549,99425
92859,99425
8862,99425
8092,99425
419,99425
23304,99425
24912,99425
12576,7199
38046,66434
59548,66434
16735,66434
24995,66434
22765,66434
55937,161933
82057,99320
75216,71801
86197,71801
44890,125756
85753,14433
37628,14433
25914,102226
53154,102226
62926,102226
84798,102226
10770,102226
50787,102226
23776,102226
29165,102226
55092,14181
1806,149854
56026,149854
57884,85537
17749,140996
28335,65040
22827,10598
103534,10598
65509,10598
72798,10598
3976,103234
79353,103234
63861,131895
93355,90948
37805,72969
30060,112550
16743,33726
60999,171183
14636,47753
36586,108382
40489,124500
72874,13223
93707,101041
88843,29794
35359,72399
61234,98685
10288,98685
10645,9087
91982,9087
44733,9087
85260,9087
88436,9087
38738,19253
15412,170864
4087,103102
83328,103102
36697,116119
103040,139102
96493,109654
1259,140842
67367,107587
100231,155266
55161,146704
72021,147898
82714,66291
80160,150596
2429,64773
83700,85566
88454,85566
65339,85566
15164,85566
55095,13007
67921,13007
72059,47097
15036,2143
57528,95850
53990,142295
60362,18224
101548,45656
48445,142295
7864,142295
87251,66843
46147,66843
32926,66843
61689,142295
101746,142295
95530,95399
82718,113418
85452,69342
65864,141583
12864,141583
32558,58768
30536,139840
44097,139840
24354,139840
10127,139840
101273,69342
713,91657
68483,91657
20315,148685
84254,64467
42058,29411
14823,29411
24553,29411
66405,29411
78234,29411
81835,52956
40997,29411
48829,86551
49041,86551
16994,142936
29075,15168
13198,142936
95593,142936
7060,25003
42854,15168
59112,25003
74093,15168
32933,162621
76482,15168
61829,15168
69206,15168
65498,2148
102020,15168
25701,111778
102880,15168
738,48895
20185,115851
33433,48895
103323,14577
64006,14577
87350,14577
102053,156064
54769,14577
4044,14577
46845,79064
101369,156064
56142,82259
67092,96941
89667,82259
59670,156064
80451,109131
94666,123718
14078,8929
58022,60755
85418,7196
81346,57018
52849,60755
96137,159255
44582,57018
48739,57018
68825,165290
64716,57018
53434,57018
95704,57018
56119,57018
81990,57018
83547,57018
4752,165391
92142,165391
46300,157750
6415,157750
67808,157750
32022,157850
72890,157850
45124,56550
83642,166345
18331,166345
19113,56550
28668,56550
95569,68654
13818,129828
71580,14284
65515,78256
91834,121496
28865,121496
15091,90402
20468,69262
25693,69262
38253,69262
8333,90402
25125,69262
24,69262
37222,90402
17118,90402
40438,69262
11199,90402
2902,69262
8506,69262
54717,90402
26447,90402
38136,69262
40725,69262
89089,69262
83511,69262
63327,90402
97191,90402
68216,69262
83492,90402
33474,69262
16046,7838
46441,69262
11900,69262
100614,69262
57756,69262
84804,69262
4743,96959
83318,69262
35990,69262
29194,69262
16590,69262
56430,69262
63917,69262
77437,69262
98189,69262
92424,69262
75211,69262
100383,69262
59323,69262
61532,69262
57305,69262
93653,69262
24394,86220
47901,86220
30452,86220
62232,86220
94278,86220
83488,86220
77006,86220
50005,98099
40169,124985
34659,97714
10103,20440
38003,49037
75734,12974
71359,12974
25252,20440
20055,12974
28087,12974
7241,12974
13148,12974
37669,12974
66249,12974
76627,12974
93170,12974
75562,12974
19542,12974
50459,12974
91281,12974
1054,12974
43855,9315
53244,124196
30808,34648
25800,34648
67757,159674
36991,34695
55687,48596
25112,154227
47608,154227
37292,154227
11818,154227
37504,39695
4774,7434
29233,17660
68880,51384
70898,51384
40752,51384
17293,51384
69237,77008
90433,51384
66377,51384
72110,51384
2808,39695
65384,77008
63626,77008
37489,51384
47527,51384
99579,77008
75129,77008
90266,77008
95935,77008
26628,39695
103250,77008
58066,77008
58584,7498
41108,77008
36906,39695
56296,77008
35629,77008
36366,77008
27002,77008
17132,77008
58209,77008
83081,77008
100899,77008
63559,77008
92947,77008
30264,5007
64162,113079
37172,39695
42429,113079
64939,124997
22310,72967
29927,72967
78386,72967
8819,72967
19755,90761
37259,70411
93238,70411
42189,66968
54093,90761
19033,66968
15102,16848
20170,73469
77522,90761
37973,91159
21438,90761
48963,63784
48251,63784
81426,63784
86666,63784
91766,63784
67938,90761
17425,45173
43366,122497
56007,122497
2919,60861
74386,127836
101411,90761
23889,112609
46153,164578
9764,128988
75407,101254
48823,128988
49896,128988
96093,116820
91873,116820
98263,128988
47064,90761
58689,128988
95269,128988
59384,128988
87722,128988
66573,90761
50091,128988
99089,128988
61020,128988
8864,51906
97002,86604
81133,141243
65247,141243
54448,141243
13520,86604
24429,86604
43543,77527
10265,86604
94231,138151
100699,7434
97726,138151
29692,86227
39084,121033
64985,121033
31057,145641
24526,86227
103389,86604
81681,86227
38485,16569
2284,86227
55432,86227
5290,86227
45818,86227
19048,86227
71893,86227
39627,53857
77424,6866
46779,6866
96208,62351
3537,62351
57855,6866
100651,6866
15927,86283
16582,118238
51820,46174
71852,46174
93111,46174
60995,74900
78762,157215
22327,74900
51565,142120
71220,35464
74414,168651
4608,168651
31609,72855
9864,24369
4833,36638
74951,24369
62209,144377
54577,37578
77127,49758
63192,49758
89910,99122
4741,49758
11317,22140
37439,49758
29633,38442
85860,49758
45078,42721
21036,22140
20098,87344
14109,22140
54426,49758
98766,62085
3220,47895
96207,49758
68167,49758
75718,117734
54840,47895
96641,47895
42699,47895
60435,47895
12042,74427
97023,151809
78443,150585
24113,12958
101574,157857
100659,157857
74278,157857
79166,157857
35668,126146
43346,20719
56751,102034
73412,102034
63841,102034
22313,20719
64493,102034
36632,20719
44801,102034
77132,20719
31208,135859
98703,126146
38693,99407
92235,78613
24267,132762
19278,79080
77686,125188
90300,79080
629,145705
45147,71098
67137,145705
22871,145705
9957,145705
71741,145705
15932,167923
19042,54657
65278,54657
35270,117476
82993,81131
1402,81131
13565,81131
70163,81131
54294,81131
41027,81131
31696,81131
51514,81131
30590,81131
11730,81131
36846,81131
26609,67202
67950,108328
83738,2378
72668,2378
72782,2378
38417,2378
25118,2378
47036,2378
21581,2378
36852,2378
21277,92555
3438,65488
35746,167087
69830,167087
102438,87819
78037,167087
58340,167087
80406,169620
40150,19246
52319,169620
53918,8832
35450,8832
42989,154504
51039,125699
11701,125699
90046,125699
58886,125699
55746,125699
27933,34851
53177,158502
86950,33723
95913,34547
86187,83144
94859,155792
92063,125446
14518,125446
55035,83834
72197,1271
75466,8710
23899,81330
35139,81330
15799,161251
45117,8710
86726,97007
11385,97007
96465,61581
30441,129598
66239,129598
7350,114823
54014,124470
86978,74054
76209,69460
15542,144768
53548,144768
83873,144768
94832,74630
87873,144768
94167,144768
3045,65823
85941,65823
68821,65823
33146,65823
10140,59440
37542,156484
32506,37057
155,156484
24407,37057
40912,156484
33659,156484
37772,85650
2261,156484
87152,26934
75467,156484
97321,85650
62365,156484
33309,26934
68328,156484
14756,156484
103355,126791
102296,126791
37331,156484
71709,126791
80843,56211
19304,67489
48276,149812
94169,48694
43993,135376
12082,153051
20019,135376
66016,135376
49879,153051
93458,135376
32248,58957
3109,32876
26179,11436
46381,4732
78391,89802
7806,89802
59088,89802
95531,89802
70573,4732
81064,89802
81466,89802
1868,89802
48856,13334
1738,89802
76879,89802
1706,89802
2140,89802
43021,89802
91587,81163
78977,165190
74892,41428
21344,66320
20437,165190
47903,94467
90239,40623
34196,40623
16261,40623
48332,40623
11678,81802
67866,165190
18404,39139
8286,39139
53058,39139
75812,71940
45530,87230
44078,52283
34280,22962
93627,22962
90690,22962
41351,22962
7895,22962
35681,98634
36077,22962
87760,27582
38480,27582
47830,27582
69179,165614
17486,165614
3665,165614
5706,165614
29061,165614
87386,75588
88141,75588
58606,75588
45035,75588
32086,75588
29262,59256
22334,75588
13396,75588
55107,137196
61256,137196
11958,1468
73995,137196
37625,137196
78163,126906
61464,126906
18816,126906
71041,170400
65358,170400
43175,126906
2718,126906
44206,126906
11449,170400
16591,126906
30322,53609
72513,89857
62059,55429
60151,28295
84799,93163
102925,15259
16220,11257
22838,11257
46445,20869
35202,94287
21449,127367
29356,11036
30549,11036
16531,11036
67958,11036
36570,11036
3748,11036
44441,11036
7955,11257
39892,17470
28997,11036
62396,16579
52457,41668
23663,87901
25657,87901
102583,16222
45239,16222
4397,163989
48392,44705
83841,5117
29676,5117
26856,5117
80411,5117
84024,5117
36344,106586
44221,128462
100928,106586
92038,94995
100829,1539
36496,137805
97473,137805
76559,137805
13799,137805
47771,137805
69635,149295
26210,78327
39788,104968
35249,65914
44425,57067
18928,127189
31923,127189
13220,25825
4473,75877
76846,50922
31549,168043
38941,75877
75420,146225
77980,73167
45340,127189
12342,26211
27337,16072
1695,45980
44398,16072
38135,138037
97429,50633
64009,45980
71594,80499
78294,45980
87842,80499
86094,71553
21330,45980
47960,45980
93076,138037
53382,45980
88067,54209
38455,112141
10,108399
85058,112141
10996,112141
91527,28688
58218,5888
89025,120818
86552,140921
91733,171002
57524,171002
3661,171002
25184,85246
78144,27333
14164,152872
58275,171088
61414,171088
1649,171088
10517,171088
76974,171088
57018,171088
103082,129945
23719,158706
44254,81708
48038,24371
56726,81708
62802,24371
97728,24371
12211,166876
14059,170453
14219,170453
79654,52343
7691,150041
8975,150041
95920,646
25212,646
89345,52343
4523,44605
94965,44605
60727,44605
61002,646
4674,79520
34838,79520
25559,646
19458,79636
97434,79520
32482,84389
47141,84389
16615,74609
53071,79520
35380,84389
62730,56792
23394,84389
48282,45678
71474,96652
36869,96652
764,146525
65131,166707
64003,45656
59808,45656
98815,62863
32607,45656
18914,62863
59192,62863
48537,62863
15267,45656
11825,45656
81654,62863
43476,124869
2590,124869
39313,124869
76809,124869
100364,124869
76081,124869
92616,32465
61723,127841
99732,86242
17136,105395
10903,127914
96843,101664
48290,101664
47877,101664
63412,101664
98798,101664
71297,101664
33039,157850
17163,211
97619,96959
47775,96959
4132,48091
63280,20440
72939,39695
45358,39695
1641,39695
11446,39695
28240,39695
40479,39695
8996,39695
82063,39695
41671,90761
62829,90761
59470,90761
51202,86604
97657,86604
67860,86604
97381,86604
4903,35464
59396,35464
86163,35464
89967,36638
33587,117241
42479,126146
57141,126146
100760,126146
54712,126146
101952,126146
84560,126146
6896,126146
64812,126146
62163,126146
76226,126146
27178,54657
56809,83144
101462,20739
41721,20739
65251,126018
36785,74630
41057,74630
28330,124286
86044,124286
61823,153051
72429,153051
10713,153051
43936,148209
79769,154748
62663,154748
67693,160600
20191,160600
11868,51558
4939,81838
82371,81838
68198,11257
43195,138037
39450,120521
25577,153817
94508,159981
4467,166876
91853,646
12524,646
64010,646
15534,646
32808,646
26249,646
8839,74609
61451,117210
3623,45656
8252,45656
6510,30479
52218,30479
36786,30479
36044,30479
60423,2148
83726,2148
22331,2148
26039,7196
9338,4595
15147,4595
8977,160485
24754,165391
38424,165391
33973,165391
434,124536
100744,80462
50371,56550
72184,68654
66911,68654
32457,68654
101741,53906
31648,53906
8198,53906
40802,53906
36645,53906
12894,53906
24589,53906
74233,53906
95392,53906
44008,69262
88629,69262
99248,69262
20044,86220
40608,86220
19092,86220
17655,98099
103062,36504
57922,36504
31913,36504
26911,36504
20460,36504
20466,36504
19647,36504
39209,36504
44583,36504
91773,36504
91324,36504
56105,36504
96930,36504
11127,154460
4247,154460
83574,161870
4251,110166
4971,68600
11865,147433
67052,124196
44375,99625
96562,159674
16419,159674
87750,34695
86508,34695
72813,48596
41379,154227
16466,154227
16148,154227
18333,154227
69525,154227
95248,63229
60719,63229
31411,63229
44365,51384
12642,7498
32329,124413
51843,21040
91266,21040
19228,21040
45950,21040
16903,21040
9830,21040
66669,21040
81703,21040
55470,21040
96556,21040
95811,21040
65435,21040
13524,21040
33421,21040
44342,21040
50317,21040
47157,21040
53655,21040
22660,21040
13448,21040
61882,21040
9832,21040
7949,21040
69321,21040
66461,21040
85612,74141
12592,74141
57724,9906
94952,124997
62918,124997
73066,139272
66531,104845
91614,72967
21363,72967
33403,72967
42159,72967
35943,72967
45271,72967
2673,72967
32260,72967
30387,164737
89236,70411
101077,70411
46728,75279
98523,66968
18090,73469
16349,73469
51437,73469
57941,59175
98563,59175
3633,59175
2603,59175
5725,59175
46398,59175
82365,59175
74961,59175
96964,59175
58679,59175
101608,59175
57953,59175
41173,59175
47628,59175
46788,59175
46127,59175
45026,59175
31599,59175
50839,59175
3875,59175
45039,59175
46341,59175
4657,59175
45145,59175
59108,59175
101359,59175
46542,59175
53511,59175
81907,59175
80443,59175
103089,59175
59662,59175
84679,59175
75025,45173
6130,122497
29501,122497
54507,60861
88664,60861
26580,127836
56124,32529
44551,128988
4160,128988
51148,128988
12650,128988
4121,128988
12861,128988
34334,128988
279,128988
10792,128988
76623,128988
77864,128988
64367,128988
74936,128988
60049,128988
63356,128988
80998,128988
46207,128988
89,128988
49443,128988
90825,128988
65092,128988
56920,128988
62997,49178
37286,89847
16218,89847
88130,116318
71141,116318
17722,116318
41405,116318
45446,116318
16689,116318
15624,116318
53086,77527
40556,138151
29754,138151
4909,121033
101978,121033
56014,121033
8776,19840
42216,15821
6909,15821
9978,147901
31530,147901
83536,162498
83466,162498
16265,20308
71720,20308
17741,20308
65859,20308
83414,20308
85654,20308
74330,20308
37095,20308
12837,20308
53673,20308
100719,62351
25148,62351
58501,62351
55436,62351
60890,50688
86546,50688
8878,50688
84018,50688
19021,164147
70142,164147
87291,164147
24763,16679
83831,80216
4660,7449
4556,108618
41055,108618
54589,108618
87405,108618
547,108618
69010,108618
100643,108618
62254,108618
81558,108618
22445,108618
41037,108618
97989,74900
30170,74900
38669,74900
48477,50174
81527,51371
12919,168651
11555,136526
53658,136526
3962,122664
78858,70352
37998,101181
43938,101181
73103,169415
9265,69209
1379,69209
17309,69209
101141,69209
2807,2156
18872,148421
51086,42721
88222,81462
13069,81462
83887,81462
15985,81462
2818,81462
2713,81462
60007,47895
6,47895
11287,12958
15455,12958
60476,10187
48655,10187
19675,58705
101183,20719
68908,20719
72431,20719
16925,20719
91670,20719
25576,88414
89307,59366
93894,59366
40152,59366
3210,78894
22006,50239
14152,10348
79172,125188
61697,125188
70152,125188
49987,125188
94264,125188
95697,125188
69049,125188
30342,125188
28344,125188
10394,125188
43774,125188
21160,125188
78998,125188
82678,125188
92430,125188
84152,125188
72727,125188
69636,125188
99972,125188
63896,125188
92675,125188
85097,125188
42409,125188
8531,125188
23760,125188
26258,153390
9364,61531
27404,61531
101789,61531
12322,61531
9668,61531
18691,61531
20968,61531
33681,61531
48868,61531
24728,61531
68807,61531
14023,61531
11971,61531
26621,61531
40814,61531
59103,61531
68966,61531
31900,164258
38404,164258
84744,164258
39269,164258
24688,164258
85571,164258
64091,18103
66986,18103
58444,18103
96149,18103
41339,2378
85472,2378
35158,65488
97438,65488
21377,42959
4978,42959
46028,167087
51069,167087
32545,167087
62735,167087
71124,167087
57807,167087
29841,167087
75811,8832
12195,34851
23091,33723
100117,34547
28102,155389
49104,155389
70510,155389
43304,155389
55385,155389
85171,155389
79976,155389
66971,155389
56704,83834
32011,161265
44881,142762
30314,161251
42284,161251
49154,126602
34928,79514
78080,79514
92812,79514
47816,59259
14590,24048
7305,24048
10600,127735
33998,127735
30608,127735
16911,58568
73983,37390
50530,93852
4172,129598
5412,129598
31081,129598
67638,129598
89584,129598
75128,129598
55175,129598
74055,129598
35519,129598
4537,129598
48489,129598
82134,129598
98234,129598
55935,129598
8625,129598
93,129598
98052,129598
27567,129598
27440,129598
734,129598
77228,79694
55081,115634
85615,115634
96333,142664
3375,73467
42482,73467
45143,73467
34608,68767
31011,68767
78627,68767
43921,68767
5056,68767
40193,68767
63161,68767
48188,68767
42172,65823
15185,65823
35300,65823
20365,37057
4876,37057
15191,85650
13935,67589
85595,126791
11058,135376
99193,135376
8423,32198
55249,22876
32905,88341
41561,159398
15351,89802
5063,89802
54751,89802
64453,31001
95701,128416
51901,169886
24384,92021
63443,39139
91123,39139
73549,39139
39591,71940
23771,71940
24458,71940
100163,71940
92462,71940
12753,156696
40204,156696
75253,87230
36863,22962
20383,22962
42117,22962
92633,22962
71060,22962
59632,22962
88018,27582
103607,27582
59824,165614
38415,165614
86772,165614
91202,75588
67915,75588
25681,75588
45917,163620
6339,41958
30990,137196
69939,137196
74261,137196
92048,137196
9101,124765
74482,170400
28685,170400
39081,170400
38179,170400
10248,170400
12069,170400
32303,170400
88070,170400
24725,170400
44109,9112
82895,9112
68194,36658
62111,36658
73592,30808
78335,113452
83513,15259
38733,15259
59933,15259
13522,15259
82029,15259
63492,15259
6671,15259
39902,15259
56830,15259
45713,15259
40118,88673
86642,7718
27879,35208
65629,7832
55236,41101
88457,41101
74036,41101
78529,41101
82936,41101
101862,41101
61475,41101
58594,41101
96467,41101
37579,41101
20106,150863
16444,112068
69198,127367
38547,11036
8623,11036
92477,11036
36856,11036
41325,16579
66426,16579
56834,136441
8187,52476
92211,44705
83159,12609
2217,12609
11272,65755
38597,65755
3294,160964
69339,150257
102806,151743
39573,125372
49764,125372
80396,153807
4713,1539
27923,147652
101434,147652
57210,158569
34125,126144
56054,126144
56948,57975
38493,15547
20122,15547
77878,150584
77608,78327
20253,65914
41490,135409
94360,129138
41658,50922
100797,160752
3049,147482
74536,43292
26515,61856
94912,134452
94809,80499
83684,54209
13770,54209
21708,54209
84082,158909
90610,140921
40580,5140
20071,129945
61325,16127
44200,16127
51330,107700
56507,8585
58634,8585
7681,17298
55306,84075
19958,24371
15001,24371
80745,24371
3613,24371
31023,24371
14921,24371
38021,24371
55117,24371
78428,24371
95242,24371
83862,24371
37054,24371
21274,24371
3810,43405
45829,43405
3809,43405
46778,155692
75213,29827
49301,29827
40604,29827
17329,34146
83138,54042
2710,170453
95574,170453
544,139087
60883,88184
1672,150041
16295,150041
33950,150041
66923,150041
5025,62105
35014,106843
66193,69502
35109,44605
40195,129842
36804,47328
70815,79636
60820,79636
36285,79636
81706,79636
76850,79636
62678,84389
65296,84389
103231,84389
100015,84389
57792,84389
43391,84389
20402,84389
73006,84389
61411,84389
99035,84389
88041,84389
9368,84389
19342,84389
21552,84389
24278,84389
8867,84389
3158,45678
15645,45678
16133,45678
26560,45678
103551,109138
102700,146525
56865,146525
50956,42108
74657,7545
63269,165265
53528,62863
57802,62863
4779,62863
90104,62863
59111,62863
57310,62863
46614,62863
36989,124869
54400,71207
36286,72354
18049,72354
62613,128466
53063,79616
77257,79616
102379,63231
58665,63231
94424,130278
78674,120532
17031,104433
18256,113920
31120,49551
60020,49551
91094,49551
46157,49551
14062,49551
68147,49551
10194,44530
18355,27844
30061,27844
99590,54084
48618,54084
38142,66843
95400,66843
38055,62655
9542,62655
63844,62655
24740,95399
12224,95399
87870,80082
97015,12994
91946,12994
79834,12994
24071,12994
16871,12994
18192,5499
12525,23696
57721,139840
79143,139840
75564,91657
42472,91657
81366,64467
6458,64467
61550,64467
38146,64467
96234,112332
21201,112332
19375,112332
85044,112332
4619,112332
51248,168786
76160,149641
34119,149641
12585,149641
29864,149641
80023,149641
53972,149641
87872,149641
21997,149641
3610,149641
37223,149641
21775,149641
16332,149641
60650,52830
78111,149805
95629,86551
13755,86551
18555,142936
58875,142936
57283,142936
43991,25003
25672,25003
82941,25003
40128,116730
14468,116730
40824,145946
60833,111778
64509,111778
13381,111778
12192,48895
103432,48895
98508,48895
100669,48895
95810,14577
39756,14577
55622,14577
21553,14577
50373,14577
71701,79064
54086,109840
100385,144602
83788,16048
98153,3752
56784,7397
19636,83347
15017,83347
20482,165290
97882,165290
100252,165290
54940,57161
77047,57161
76425,57161
4889,57161
50020,70839
102739,70839
28469,57018
57290,57018
87099,57018
65023,57018
75307,57018
98202,57018
98463,57018
46875,57018
94792,57018
77573,57018
91083,57018
88011,57018
42916,57018
54762,57018
62902,57018
95135,57018
94140,57018
4103,57018
53760,57018
31854,57018
4318,57018
4899,57018
4986,57018
16695,57018
71809,57018
44748,8929
87359,156064
89605,156064
34869,115851
37930,115851
50827,7881
14671,7881
41441,7881
41238,7881
37501,15168
79014,15168
52968,15168
29305,15168
4153,15168
101690,29411
71989,29411
81320,29411
53623,29411
37251,29411
56672,29411
20819,29411
24517,29411
11950,29411
9347,94793
1560,143527
92292,115836
67523,115836
25232,115836
94869,115836
25087,115836
5220,115836
42415,105395
84177,32465
54799,32465
60265,32465
12262,32465
47942,32465
25442,32465
54299,32465
20950,32465
46505,32465
94946,32465
77056,32465
98426,32465
100590,32465
57570,32465
69987,166707
20283,166707
40222,166707
85969,56792
64772,79520
44753,79520
78316,79520
56756,79520
86293,52343
61171,52343
24499,52343
3862,52343
3528,52343
40858,52343
57306,52343
20601,52343
45765,52343
50095,52343
41651,52343
29077,52343
15539,52343
39913,52343
103158,52343
32981,52343
29134,52343
86814,52343
87226,52343
91998,52343
43721,52343
52002,52343
41649,52343
24358,52343
20322,52343
41049,52343
40209,81708
43439,20808
14137,109084
25263,128089
98492,152872
36393,152872
10407,152872
44213,152872
95967,160750
84162,160750
52264,160750
35272,160750
16827,160750
4896,142667
3743,45980
83824,45980
53518,45980
73948,75877
63281,75877
32293,75877
39419,75877
17037,75877
57453,75877
2161,75877
43568,160476
41388,160476
4831,160476
3160,160476
71213,160476
60110,160476
94599,160476
67381,160476
64922,160476
77972,160476
43930,160476
53027,160476
37543,160476
11577,160476
83868,160476
49395,160476
45753,160476
35987,96887
40581,137805
32939,137805
13041,65520
60333,65520
103107,65520
99868,65520
64767,65520
97248,65520
87784,65520
52704,65520
19142,65520
58394,65520
64173,65520
67050,65520
4690,65520
12228,65520
50673,65520
17585,65520
24265,65520
5762,65520
4202,65520
48729,65520
34635,65520
83303,65520
92642,65520
92384,65520
61029,65520
39112,65520
49792,65520
13701,65520
18744,65520
47811,65520
9016,17470
18740,17470
12668,17470
84042,17470
61278,17470
43562,17470
64858,44854
57501,2100
81351,2100
92690,2100
76467,2100
9099,28295
77357,55429
4883,55429
62473,2090
45770,126906
44300,126906
62824,126906
27374,59256
89769,38222
85353,38222
46664,38222
35632,9383
102294,98634
15647,165190
13273,165190
48082,165190
49517,165190
91981,165190
62898,165190
75651,165190
35767,165190
27996,162573
71326,13334
34924,13334
4381,13334
66142,132190
54212,89629
65458,44652
39821,156484
102208,156484
40052,156484
98217,156484
96150,156484
101477,156484
3498,156484
31242,92367
59453,143139
84038,154732
84781,154732
52510,154732
30890,145895
45398,145895
50104,131210
101188,73398
49036,73398
20935,73398
53067,97007
14605,97007
9586,97007
64866,97007
96267,97007
93469,97007
64885,97007
74084,114391
87700,13931
71710,13931
24895,13931
45805,13931
87462,13931
40143,13931
42940,19246
17902,49350
22512,151208
90769,81131
27750,167923
80271,167923
62941,167923
8045,151981
48429,145705
11442,145705
66085,79080
8912,79080
101118,91048
100513,91048
22390,91048
23451,91048
90703,125987
74803,157788
27539,157788
45170,120140
70211,117734
88777,24520
58860,152545
29277,22140
16476,22140
61271,22140
71223,22140
102615,22140
7911,22140
55016,22140
91951,22140
24471,157215
33390,157215
15204,157215
100371,157215
62237,157215
97444,157215
40863,157215
92769,157215
58724,157215
24634,157215
47144,157215
32485,157215
43471,157215
24808,157215
18520,118238
63953,59841
38594,131482
56185,53857
57679,85764
70760,85764
4324,141243
41380,8788
80306,116820
47690,24423
21279,69355
10844,69355
32218,69355
53048,69355
81633,63784
44253,63784
27058,113079
99882,77008
5876,77008
78603,10321
88802,93169
40436,93169
103598,34648
11606,34648
84678,34648
88972,152042
32588,91915
79932,19662
97523,158230
67363,90402
5896,90402
93205,90402
76863,90402
38528,90402
43510,90402
29258,90402
79682,90402
1207,134001
88289,31199
38532,31199
29986,31199
8259,108627
93322,76312
44498,77079
103001,130650
54855,166345
34786,166345
78905,166345
64207,166345
41299,157750
1632,157750
55868,96063
3826,4581
77210,86299
53261,85580
87148,85580
71739,116555
46536,74527
45613,135378
38093,19123
36588,106564
28341,106564
10275,68489
7141,106487
23030,135859
12162,31107
67435,143930
82904,40459
102132,151458
92671,146637
72421,150914
99934,85949
12439,85949
53970,103132
37276,127838
12834,127838
81950,62502
83205,10768
87772,62502
55959,147796
18943,162671
89942,147796
47673,21147
58231,21147
94012,128747
4369,21147
57365,21147
74190,21147
41545,14163
47899,14163
101536,14163
4150,21147
4302,21147
27593,14163
97497,21147
102311,21147
91495,157909
70405,21147
38278,128567
56846,157909
72435,21147
81945,128567
42516,107012
62283,107012
57220,164289
24216,21147
20101,21147
4877,21147
34168,107012
70314,37427
58055,47193
88815,47193
7725,138778
76108,47193
78773,47193
52660,138778
26533,47193
7900,47193
30521,138778
43081,47193
48202,47193
64656,138778
50704,47193
89268,47193
23777,47193
21165,47193
23646,47193
7069,47193
84574,68615
35518,68615
28875,68615
17457,138778
52895,68615
44236,68615
14417,68615
96499,68615
41041,53865
22775,53865
33669,14739
13898,53371
50737,37427
78538,37995
59659,37995
47306,85272
82396,44055
39767,153662
98400,76996
5961,737
64798,737
7508,75851
51267,75851
49747,151940
56090,151940
52966,151940
100143,33286
47277,37427
47820,33286
3404,36976
77275,29451
3039,29451
37206,111532
84048,111532
80883,111532
35101,97515
15219,6694
36041,6694
63839,64177
70666,15740
97816,15740
58162,91145
94182,148434
63089,158917
56279,123618
75751,123618
23978,123618
56813,86759
217,276
92852,10325
76611,10325
91924,10325
47819,10325
10924,10325
72149,103652
47829,103652
93475,9087
1664,103652
12095,103652
5387,103652
7973,9087
79486,103652
20269,7418
56002,103652
70743,103652
83279,103652
73791,7418
58814,7418
42080,7418
33583,145990
79260,7418
8579,19960
32136,7418
14105,7418
2128,7418
8898,7418
1549,76270
67309,98685
31282,76270
37926,98685
83957,98685
12063,26032
24280,94561
17056,74139
29800,94373
5164,164252
4771,164252
61183,164252
34391,164252
71438,91957
51979,10373
90353,21151
82564,10373
68836,111527
95669,111527
6431,111527
91143,111527
74384,111527
93387,111527
91740,111527
66777,40336
64324,40336
97093,40336
41792,111527
3470,40336
35162,111527
24488,40336
49698,111527
21089,40336
20512,40336
14099,111527
24440,111527
37740,111527
5566,111527
77744,40336
3611,111527
60281,40336
84821,40336
57670,40336
76693,40336
96222,40336
63739,111527
38234,40336
98115,111527
83948,111527
100917,111527
41745,40336
10365,40336
11924,40336
7569,40336
46229,40336
12727,110944
5001,155017
34628,149442
95634,155017
101943,55792
95911,153551
25218,153551
14545,104933
74325,26672
16273,147622
69318,37916
2571,170626
56197,32454
87815,116510
71180,84525
61558,84525
62722,84525
87816,84525
59057,84525
7694,170626
86460,43025
88955,46530
18218,46530
95306,170626
70574,156589
37512,153698
63598,153698
61066,153698
76683,82765
43923,130791
91818,60870
15814,94652
78181,94652
90309,132782
83056,132417
50688,116090
26955,117144
48311,36307
95661,123773
79109,36307
88497,36307
98048,36307
47075,36307
5693,36307
19936,36307
31753,131895
9392,36307
93576,36307
81425,36307
67643,151242
77207,152478
39989,103234
83132,152478
3880,152478
34104,152478
29160,152478
10578,152478
41440,152478
80291,152478
92299,107309
81628,152478
98985,152478
39256,152478
46638,152478
55103,152478
67750,68774
23189,152478
4923,152478
77415,152478
66163,152478
71837,152478
15320,152478
21082,152478
36037,152478
81391,152478
94009,69858
60984,109083
56823,164544
51857,164544
6314,164544
43494,164544
71516,164544
19686,164544
76364,164544
93777,94944
82612,109083
63235,94944
40923,94944
4844,109083
46025,148966
95591,30971
35190,155721
15960,6468
24247,6468
53583,6468
83348,6468
102997,6468
31798,6468
11859,6468
57344,6468
62074,6468
72309,6468
23825,47213
31212,15921
55726,10598
93195,159187
85420,159187
47271,64151
77675,159187
8490,159187
21085,125110
13686,125110
71541,59252
39987,59252
62612,131300
36847,144267
54465,50986
95644,117882
54750,117882
48549,131300
81924,90646
38309,132879
50651,90646
70459,85689
3832,131300
87101,35586
95138,35586
24536,46906
61090,102110
37221,102110
40318,46906
43725,149854
53599,149854
68252,63006
82050,149854
33454,131300
88350,63006
74286,149854
59259,63006
11230,149854
51690,131300
54724,63006
41653,63006
16395,63006
4878,63006
4867,63006
38479,63006
38853,63006
38302,63006
12849,63006
48021,63006
40387,63006
1831,63006
84375,131300
88020,63006
94545,63006
48518,63006
38416,63006
14145,63006
30594,63006
55435,63006
36755,63006
52405,63006
66950,102226
4967,63006
18495,63006
49260,63006
83393,102226
90062,131300
31145,12564
25506,102226
48679,12564
45580,12564
73925,10180
29559,12564
58508,26603
53708,12564
23806,12564
63565,131300
98813,12564
67295,12564
24627,14433
26272,8062
17698,131300
29611,131300
79165,12564
83298,14433
80379,12564
62433,12564
100429,12564
73279,12564
95307,12564
70346,12564
57554,12564
58637,12564
44505,125756
32008,125756
47481,125756
82989,12564
97525,12564
101975,131300
27632,71801
74934,131300
41030,12564
14061,12564
48772,12564
12053,131300
24932,12564
30217,12564
49485,131300
4449,170824
5048,12564
36809,12564
48869,119879
47083,131300
40024,66434
54177,66434
12607,12564
25476,12564
33722,66434
34105,66434
37694,12564
27619,12564
41810,131300
58538,66434
9455,12564
11766,12564
42575,7199
53464,165594
17572,116489
13263,12564
13988,12564
37554,12564
75697,12564
90730,116489
80437,148005
57718,12564
78602,12564
59765,168397
20066,116489
55423,18412
46568,18412
43428,99425
100588,18412
64671,18412
56100,18412
94787,99425
17997,168397
4112,18412
26816,18412
23678,99425
14240,18412
4979,18412
20374,18412
42664,18412
80561,18412
4668,99425
40917,99425
38108,99425
94148,99425
3603,18412
4419,18412
16464,18412
37298,18585
31503,18585
51673,5505
29894,5505
25909,5505
33360,5505
84620,5505
61321,5505
101989,124951
49550,124951
22324,18585
64897,69473
10311,69473
18169,135865
74032,24979
47274,90902
11191,24979
58461,24979
93027,90902
83161,90902
23230,90902
19426,24979
51162,90902
26572,90902
89177,90902
80929,18585
65451,90902
84666,90902
74401,143343
77014,18585
15133,18585
18967,32377
41856,88312
2168,88312
73616,58011
38954,58011
24469,58011
27701,58011
90890,58011
100861,58011
46742,58011
15977,58011
4777,58011
16548,58011
726,58011
49035,58011
56397,58011
93921,58011
69233,9439
84427,9439
48902,122186
83599,122186
37741,88312
78474,122186
64292,122186
78402,88312
33978,122186
41186,122186
89053,84312
7563,84312
48581,122186
21468,122186
35279,54265
29801,99415
31987,9439
103418,99415
39908,56797
25370,9439
3198,56797
31154,47408
44432,64419
42202,140458
12467,7746
45728,9968
38281,51429
71532,152179
89754,6716
23147,163969
94627,61226
44837,61226
61275,61226
65011,61226
95161,122341
22901,122341
96161,122341
63234,88764
65410,88764
26362,88764
89673,88764
31132,88764
31140,114741
62182,114741
78634,69623
23941,136276
29829,140741
80991,69623
38785,164609
47489,35350
41419,140741
21777,69623
8970,140741
47892,72348
30393,72348
42498,72348
85361,140741
80344,72348
73643,140741
65190,139998
53605,126092
101982,126092
77512,17381
75184,6699
87922,64197
69601,5235
26568,73341
23222,73341
4792,73341
3833,73341
4270,74655
43361,61796
26444,77362
76152,61796
52943,143981
23588,143981
78389,143981
68286,143981
15307,143981
96186,143981
19297,44042
64100,20819
77237,1427
60519,44042
30532,44042
90729,86427
34143,85674
4945,86427
18761,59409
33540,59409
1244,59409
41774,86427
71789,59409
47520,59409
46328,59409
14859,59409
34793,90300
51744,59409
53665,90300
65901,59409
9837,153946
100213,83325
97563,83325
37462,97079
77491,126623
75789,136919
4942,156471
79183,49474
35637,156471
100968,156471
39549,62080
37351,62080
39055,167131
72477,95964
30944,162344
76507,90456
57832,59041
74562,59041
42806,141558
18952,110464
97032,86427
96587,90338
34687,90338
20224,86427
86130,104129
61799,160931
21379,49160
42967,49160
62990,24679
98941,86427
79146,24679
34917,49160
4969,24679
42155,49160
81145,49160
61071,86427
65040,9069
53360,9069
96705,9069
94356,136244
43239,136244
69061,91490
47577,86427
52563,86427
42587,86427
17837,148130
34568,148200
82426,105242
86649,26229
38704,26229
71659,109349
35250,109349
4155,13659
51047,140412
13187,51916
64815,131955
35285,144742
51297,144742
54602,149841
71613,149841
64725,149841
44452,149841
71016,86427
11631,149841
99129,27254
59552,70726
102403,95974
29828,153430
83798,77296
38382,57845
10016,33445
25906,11640
101671,12272
95665,62672
40295,12272
67173,164970
20441,74517
42702,36692
50366,36692
80590,36692
60393,36692
74580,36692
29985,74517
74628,112031
47799,74517
14389,106667
48135,106667
8101,74517
45373,163550
81882,163550
70910,163550
41628,163550
10590,163550
44540,163550
11968,163550
102955,163550
56373,163550
32979,163550
13252,163550
36676,74517
49979,74517
74568,163550
49048,163550
24316,163550
8829,163550
34653,163550
33988,163550
100025,74517
61899,87057
47633,87057
32737,87057
47839,87057
4023,87057
37552,87057
25900,87057
94094,74517
45864,74517
4996,74517
89860,74517
100782,74517
61140,134084
77074,74517
89763,134084
82113,134084
49224,134084
59180,134084
59732,38604
92404,38604
36372,38604
96866,74517
28760,38604
4691,38604
87654,38604
74906,38604
85522,38604
36550,38604
76113,74517
95705,74280
78906,74517
101030,74517
70466,42988
84183,74517
29847,36503
39179,36503
66441,74517
78477,74517
101638,166725
95550,74517
90202,162108
39838,162108
21290,111225
3734,111225
89299,162108
67378,142477
80867,142477
4910,131818
58852,70491
78466,70491
44257,168573
17791,5757
47681,5757
19493,5757
40637,5757
31709,65785
98278,5757
46560,168573
70654,5757
63423,5757
55859,19950
59212,5757
92653,5757
98686,19950
92245,5757
41676,5757
8744,5757
19761,5757
102057,168573
23158,5757
6913,168573
23828,58789
99330,16847
39406,102166
10013,135272
18583,135272
42875,135272
63355,75018
75527,75018
48475,75018
61404,2977
41141,85601
35297,146593
22447,146593
94345,146593
20275,166354
37604,166354
12001,166354
50916,166354
51215,38469
51144,38469
603,155707
63913,133134
95475,133134
3386,133134
38222,38639
79710,39425
54053,54357
55049,54357
92538,47107
92201,78285
68206,41887
9474,41887
71769,10089
158,53638
50058,47107
36779,111840
45878,125460
37578,2072
659,2072
2216,146386
57777,65145
54307,144549
20495,91152
34267,116831
90531,157827
41010,75489
72949,146523
57541,146523
40947,51307
40233,26028
15050,78694
3283,78694
35418,109093
2006,84544
19022,84544
7786,84544
89248,84544
30174,84544
15220,46990
9993,52185
56445,111277
20411,54357
46729,54357
85475,113675
7500,113675
93732,113675
52493,46990
4489,64160
94067,119079
23117,55755
101440,41009
32963,41009
19366,41009
68427,166897
28014,53785
96954,6533
43404,6533
25119,6533
59158,6533
5778,142140
20848,78869
17606,169819
69255,169819
90082,169819
61010,169819
47666,169819
41482,169819
46558,169819
58624,169819
43717,90294
60196,90294
35416,82064
82431,58227
72797,58227
58535,151327
11655,151327
29026,151327
64085,126535
12299,30199
21385,42199
5080,151327
26466,151327
23643,151327
66131,114568
99612,114568
15866,42199
3605,42199
28243,114568
88552,124894
57520,124894
84339,105971
87485,105971
68569,105971
45386,105971
91902,65441
86503,65441
25303,67295
18280,116359
89560,42199
33914,85780
88337,42199
13881,85780
40341,109728
5040,109728
8387,85780
89215,31662
62227,31662
60089,31662
63690,31662
46474,37957
21039,37957
46485,31662
47015,37957
31269,37957
37525,31662
19824,37957
18644,37957
13109,31662
63603,37957
42546,37957
4913,140687
17510,140687
78562,31662
73124,85780
56590,31662
58217,139648
37050,139648
64902,31662
4992,139648
55108,31662
86242,95728
60985,84409
13624,85780
44535,31662
15970,84409
55056,31662
36999,84409
14117,84409
85259,103014
30818,129010
39975,31662
1074,31662
33604,31662
27446,31662
31075,31662
30130,31662
90605,25837
51079,115215
60102,15661
14661,15661
99313,15661
82746,15661
54201,144762
91483,55143
64184,55143
56404,31662
3505,14098
42889,14098
16371,88295
20267,88295
37588,88295
37400,88295
68415,48877
21320,154636
38712,154636
49771,154636
27860,153395
38200,154636
36573,154636
51738,154636
8095,154636
43253,154636
45464,154636
98132,154636
102118,154636
80502,154636
60819,154636
18777,154636
20464,154636
47467,154636
17447,154636
5212,154636
38624,154636
53677,154636
32404,154636
71325,153395
9526,154636
47151,154636
65043,154636
54165,154636
86068,154636
100442,77745
60811,154636
80058,154636
57068,154636
63732,154636
27477,37427
68593,154636
2647,77745
58787,154636
42963,103132
97616,154636
88465,154636
14997,103132
86861,5825
60738,5825
66133,5825
19052,103132
53379,5825
86082,5825
95558,5825
87461,103132
40697,5825
13084,5825
4957,5825
19953,97025
78376,97025
12674,103132
38272,97025
27604,97025
30451,97025
4901,97025
20708,122369
28441,127838
57767,127838
53030,157850
33105,211
70713,211
65836,96959
84628,96959
44729,90761
23,90761
93776,86604
93389,6866
22665,6866
4636,6866
25603,35464
22989,35464
54964,49758
88180,49758
3632,49758
27914,49758
88678,49758
22616,49758
33899,49758
77249,49758
16376,126146
13143,126146
5066,126146
21594,8710
85657,8710
45874,8710
36775,72463
23556,126018
92268,126018
33859,124286
93540,124286
3529,124286
52272,124286
100290,5325
34428,26934
103528,4732
10217,148209
45853,80497
67858,80497
67695,160600
75827,146926
26317,127189
8417,127189
90426,127189
21684,138037
90672,138037
96241,117210
70778,45656
25190,30479
63811,31216
37809,31216
61711,123016
2190,2148
82663,2148
77907,2148
42407,2148
5123,7196
41471,7196
77094,7196
16557,7196
2604,7196
36938,111017
27847,56608
34121,80462
97650,68654
83180,53906
59745,53906
89213,53906
4528,69262
11441,69262
28146,69262
37573,69262
74157,69262
71510,86220
82006,86220
67077,86220
84885,86220
46335,36504
60448,36504
41192,110166
97785,124196
24971,159674
56493,121850
56376,21040
8836,21040
74696,21040
93641,138853
81316,72967
88758,72967
21193,72967
52463,72967
26921,72967
63761,72967
9354,72967
98125,72967
3957,75279
13087,66968
72208,66968
34718,66968
16290,66968
40324,66968
101296,59175
9145,45173
53755,122497
4104,60861
44817,60861
5185,60861
42139,112609
1746,8753
34222,32529
2782,128988
11648,128988
54026,128988
98968,128988
79876,128988
35227,51906
71775,51906
68399,89847
47074,116318
54108,16569
32106,160209
43001,20308
5156,20308
34112,20308
71387,20308
96875,62351
77376,62351
95696,108618
43863,108618
23964,136526
37902,101181
43295,101181
47258,101181
77354,101181
61110,101181
51057,69209
83566,69209
4595,42721
40449,87344
98464,142606
85159,78508
92795,78508
41093,20719
24359,20719
13877,125188
23921,125188
17280,65488
93738,125699
60645,34851
10088,34547
76468,155792
65875,155389
23074,24048
81007,55528
65622,55528
1494,114823
103583,73467
83539,21078
100975,65823
3607,65823
11077,65823
67660,164346
68834,37057
61741,37057
66346,126791
54335,126791
52281,135376
69130,135376
28609,159398
35591,89802
59214,171225
88672,40623
39807,40623
86596,39139
31610,22962
31348,22962
42277,22962
16873,22962
81192,22962
51841,27582
69459,75588
26703,75588
48336,137196
22521,124765
91233,124765
91909,170400
78306,170400
92363,170400
16671,170400
12089,170400
31147,170400
54561,170400
27036,170400
54965,36658
17485,15272
68715,71184
25675,15259
77614,7718
74881,94482
11290,94482
40595,41101
31113,16579
72378,43873
11055,16222
84932,12609
89953,144871
63825,59769
20207,90647
8483,125372
4643,158569
4984,136019
42608,15547
62027,62807
70037,166112
13596,22607
15915,22607
74397,22607
38213,61742
10762,41310
81744,15258
78859,15258
90572,53150
30021,80499
67504,54209
41708,54209
28582,54209
8659,112141
96555,5888
85449,140921
60272,51777
56175,171088
37263,59644
102217,132835
5710,132835
61186,132835
48327,150041
60335,150041
77616,25968
84138,79636
90036,84389
84762,84389
39995,84389
66676,96652
12890,96652
18244,5977
70133,58262
55234,58262
56699,11632
47139,62863
76260,62863
80822,124869
61033,63231
49989,104748
98284,27844
6720,140029
101655,98836
69380,95399
94244,95399
68590,95399
42144,5499
66503,138013
80171,149641
92330,52830
34288,52830
4592,116730
85270,145946
45220,145946
61762,67241
38836,111778
47361,111778
32017,111778
55915,111778
23318,111778
41275,111778
65692,36748
59181,165290
86890,57161
19289,57018
95462,57018
3722,8929
72873,133873
57920,143527
36126,142295
71655,115836
31851,115836
24319,105395
93778,32465
4287,166707
37006,56792
82086,79520
46573,79520
99347,79520
53386,81708
69596,81708
93721,81708
77666,81708
32274,108399
5146,75877
76195,75877
100642,160476
101238,78197
5747,137805
72063,137805
68135,137805
102374,137805
571,65520
57351,65520
61225,65520
19582,65520
13415,65520
38403,2100
11880,2100
73114,2100
88017,2100
17514,126906
35949,126906
25040,165190
41615,165190
61932,165190
62387,165190
11679,165190
58763,13334
95215,32876
74323,156484
84148,156484
66066,85557
34205,85557
9352,114391
6316,19246
9215,110904
52958,110904
5858,110904
47904,91048
28687,99407
34759,149348
35394,129444
65306,102034
3596,102034
79147,102034
40768,102034
32,22140
61281,62476
64194,46174
74440,46174
16509,118238
26594,57465
12058,6998
26983,53857
54494,86227
100155,73027
16129,85764
53056,116820
88083,116820
9699,116820
18249,157560
93590,63784
54810,63784
102086,77008
101903,17660
49253,17660
70984,56618
5467,56618
103114,22359
41263,97714
52019,31730
73861,81720
36860,55005
48874,31199
46831,31199
102249,166345
70253,166345
14573,139293
37812,157750
99829,168200
38795,23117
96832,86299
48252,86299
17730,85580
45649,7288
74841,7288
59813,7288
26599,106681
67193,106681
99373,14450
87844,13713
40156,124470
21100,145245
38874,168581
20764,25326
18071,31107
62936,58721
99515,107772
43987,139654
81427,9702
73248,84544
15367,109093
10704,120498
83693,92909
50377,78694
72964,75958
42185,19950
57405,19950
25490,78694
597,20330
28293,10774
24177,140168
61257,164289
64913,147573
15122,161397
46013,67602
90765,11766
33066,11978
64039,111391
94573,101412
66693,111527
10404,131598
46068,135272
85871,135272
52891,146386
8360,135272
78944,135272
90589,125460
46672,14739
17321,111527
23813,41887
32835,41887
90663,41887
52803,111527
32856,38469
1403,136405
45745,111527
97959,133134
55172,112979
78664,34517
44385,111527
18858,111527
80276,28413
72479,111527
7556,28413
70588,28413
16653,149442
61501,37995
62591,37995
9904,121524
30927,149462
62698,76996
94800,737
80622,46530
48319,33286
29312,8595
16072,111532
14994,131895
82392,151242
46772,6694
85253,157916
61459,10598
63239,10598
53430,70153
8453,70153
26319,70153
76118,70153
13512,81490
8346,158917
20294,118158
4988,129313
69244,166813
39336,10325
29814,48695
94464,103652
77593,29232
79145,149854
17993,145990
99331,19960
95619,149854
103338,103594
12110,102226
45059,102226
37336,37043
64211,14433
15265,170626
79903,71801
89238,71801
13334,40336
7165,119879
48677,163258
100349,40336
79485,40336
40048,40336
33591,40336
13451,7199
80734,26295
100868,116489
43980,99425
32783,62541
43654,147622
24418,26225
31670,72605
26094,55053
22005,55053
96417,41777
63242,146838
29585,86464
35523,83320
102244,125895
57970,137100
51107,99415
59855,163009
87891,56797
72596,13007
86868,163009
91608,163009
62492,163009
37115,163009
21655,163009
38442,163009
37863,163009
83908,147936
77308,163009
54857,147936
39939,163009
12128,163009
31077,147936
9161,163680
13477,163680
76168,3553
76815,153698
93376,153698
44179,50290
96617,31682
5197,140741
60756,140741
11628,64197
23836,64197
43990,64197
29595,44042
65677,68096
59775,126623
102736,131300
41045,126623
77704,36307
15024,36307
4090,23163
36894,36307
62335,152478
29651,152478
35107,111981
19056,111981
95808,152478
1904,108876
7043,94944
21543,113475
14313,155721
63849,155721
11423,134286
48022,24683
8065,47213
31957,74517
829,47213
11686,47213
19202,47213
94637,47213
4129,131300
33566,74517
12744,15921
19246,131300
31249,74517
27747,159187
36184,159187
96822,131300
97409,131300
63911,142477
52326,28276
84020,50986
5115,48753
86739,118923
95258,63006
31582,146523
19503,146523
49002,150859
4138,63006
99441,118053
11398,63006
12329,63006
5104,63006
5170,63006
56353,24900
63968,24900
3425,24900
58391,24900
100630,64419
76084,42199
86866,42199
75427,31662
51694,31662
77389,31662
33765,9968
55907,31662
78544,12564
71840,31662
77184,9968
48895,31662
4645,31662
52549,164532
67025,147898
29234,149223
50257,107481
43928,21147
41717,21147
66046,21147
176,21147
62867,5505
75424,21147
75124,138778
61712,169883
44750,68615
78583,70726
59332,90902
96160,90902
91277,90902
4789,31700
51541,143343
4919,106759
85129,25511
71315,58011
89975,12272
102876,122186
34319,54265
62744,2143
91192,47408
24696,47408
27146,47408
14761,47408
4696,147796
32565,140458
12087,140458
35537,140458
35733,140458
72452,62502
90328,127838
66190,129001
42207,122369
54595,122369
84208,97025
71841,97025
95955,97025
63897,168573
34470,88764
100644,129855
16198,168573
71684,72348
96633,73465
52176,59051
36373,59051
75549,154636
97824,154636
96109,154636
14230,73341
87128,19213
37256,123857
21895,154636
35781,88975
38148,154636
83532,154636
99044,154636
78054,154636
79465,143981
20097,154636
18884,154636
14290,154636
12516,154636
61472,54357
81592,54357
36547,96306
82953,83325
26299,143685
12954,83325
10733,95735
72046,115215
24383,115215
67583,62080
31265,62080
78032,62080
42073,54357
97274,62080
51697,84409
18365,126641
81932,84409
51936,146183
29759,35085
82730,59041
27285,59041
48798,139648
59274,140687
68007,159158
90657,19253
19516,63846
5128,135147
97174,140807
33038,115757
59047,60722
13732,109349
52278,131955
4906,105971
53923,105971
19220,149841
27476,25218
33424,85780
12132,153430
63484,151327
19801,151327
99174,36692
96487,36692
90366,7418
59401,106647
10362,97024
18162,130683
96007,97024
13174,137328
6010,121204
13082,163550
67045,87057
95112,87057
71571,109843
71396,166897
47495,41009
17858,41009
26541,41009
44615,41009
65409,41009
27160,170286
52752,18912
80972,38604
99575,38604
99608,1189
84549,74280
9834,74280
18747,74280
60805,77745
11578,113675
56734,113675
8526,119632
91242,111277
4775,37427
47975,46482
84219,94373
7651,68774
91678,70936
62675,131300
75969,131300
40300,131300
77378,9968
53248,9968
103491,106310
40793,107481
5264,99993
63676,2448
33652,42988
18728,42988
29323,168573
27097,168573
63351,168573
62032,168573
100038,168573
83439,168573
12469,54357
1223,85780
65471,85780
46099,159184
79068,93652
1036,136405
96986,28413
15895,3067
5250,37995
16726,37995
51468,37995
36170,76996
48604,76996
92635,40964
7959,111532
36073,6694
63063,91145
92156,70153
98117,134683
9620,10373
71044,5916
101940,40336
71870,40336
88339,40336
62420,40336
55274,40336
71377,55792
18946,122461
43922,84525
13276,43025
4429,51852
12960,163680
77193,132417
16703,160537
25647,54570
82946,164544
59129,155721
33472,134286
80430,6468
71046,47213
90078,159187
48055,50986
45760,117882
52904,153289
83381,35586
80198,63006
87712,63006
87475,63006
93975,63006
3688,63006
23434,63006
79044,63006
12892,63006
35398,63006
63960,12564
5179,12564
32629,12564
77136,18412
90600,18412
36718,18412
43042,18412
71550,18412
36502,18412
35895,18412
4860,18412
21401,5505
60307,5505
99042,115727
95667,47408
95549,47408
81858,7746
25220,108140
26858,61226
89994,61226
71294,107760
2900,82824
91249,59051
57655,47057
5202,19213
67032,69704
16450,59409
52445,59409
57951,136919
98413,156471
3859,156471
95143,87969
78994,96889
30411,106647
83974,87057
77133,152746
83175,134084
1860,64709
80179,38604
79824,38604
32135,38604
46557,37009
81324,162108
33274,103126
45993,19950
90161,19950
45773,20330
16168,165387
21882,135272
60795,162128
1354,111391
64930,111391
89757,51307
61770,109093
97593,84544
78929,84544
55544,120419
68804,52185
29337,113675
58955,19198
30183,103114
17088,164542
74127,6533
102225,151327
50030,151327
31043,105971
63414,37957
44581,84409
49955,48877
13391,154636
81259,154636
97065,49611
88835,5825
64300,5825
79335,5825
78855,5825
78227,5825
10610,5825
17647,95870
8111,95870
38496,107012
80227,138778
93998,138778
103312,21147
76072,31662
64314,42199
44911,51009
68220,24900
34417,39425
3719,39425
13180,39425
78718,50086
91652,146450
20059,5757
15806,5757
45166,98989
50617,148200
33705,7643
21838,22238
76886,126623
75182,72597
75076,126478
31492,64197
27047,140741
56530,136276
96486,114741
24436,56797
14269,99415
29348,24979
103152,116489
33395,119879
32902,125756
11713,14433
43146,26603
32197,149854
40527,33559
13189,110086
15523,118158
46400,10598
74077,151242
59868,132782
4088,82596
59461,112550
79418,160362
57632,33726
63170,98685
71771,7418
44682,7418
87427,68776
3187,170864
85884,4253
23179,50092
81288,64773
58265,3869
2679,159255
7290,6866
15275,35464
14136,36638
26371,36638
74247,49758
63273,20739
36314,74630
4495,74630
5302,14359
88559,4732
87365,160600
81723,160600
83015,86246
19260,86246
12229,127189
3901,138037
92314,81010
96956,166876
7565,117210
5106,117210
17581,2148
80042,111017
4750,165391
74028,20546
16302,80462
46193,69262
97173,69262
58261,69262
63112,86220
96257,98099
29358,36504
5244,147433
90416,124196
9262,63229
41833,72967
12084,72967
16515,72967
78098,72967
3117,17354
82254,164737
93963,59175
91830,45173
86756,20827
101240,20827
6129,20827
55003,20827
3905,128988
2621,128988
91457,116318
1328,156
49868,15821
96940,15821
47032,20308
79669,20308
100663,74900
99312,165516
67730,136526
9082,101181
75961,30272
34026,69209
78208,42721
3395,42721
81372,157857
1488,88414
506,125188
48418,61531
64828,61531
190,61531
81014,61531
48612,164258
9225,164258
80494,164258
28776,2378
5246,2378
13159,150879
43939,65488
40462,32322
78969,73467
12885,33942
95708,135376
20093,32198
63694,60591
27828,145964
87730,89802
38825,89802
13636,26796
50484,92021
85002,81802
59633,71940
85672,156696
72998,116131
13139,112819
93552,137196
101541,71184
24057,72126
97685,35208
66719,94482
40635,112068
9438,16579
37112,105683
50362,12609
99186,59769
67566,160964
27892,147652
1914,158569
5161,22607
95942,54209
83271,54209
6600,112141
17820,5888
71593,5888
54387,140921
61958,22886
102433,77048
86672,8585
26996,29588
32576,24371
37164,24371
98344,24371
24930,88184
72041,150041
63462,79636
50143,84389
35599,82481
11891,72354
13641,74352
25558,24774
76237,54084
17871,62655
8495,95399
55905,63844
43648,3567
39697,143045
42994,64467
56595,112332
32384,149641
91092,52830
69951,142936
5245,142936
1006,111615
20200,90521
96669,145946
61240,67241
43410,109840
94871,60755
75191,165290
46422,57018
58784,72123
42239,32465
16269,32465
25828,32465
35197,32465
80688,32465
87793,32465
7081,32465
35037,166707
64908,166707
53999,79520
21292,52343
16529,52343
29301,52343
45973,52343
43107,52343
35033,52343
5915,52343
50336,65520
26518,164211
38868,164211
2873,44854
19394,44854
17646,24500
92030,126906
1148,48721
71272,145457
34457,56211
30006,156484
76362,98445
17017,98445
66885,98445
12799,97007
13013,97007
59131,117262
1249,13931
54245,19246
35177,19246
47730,11876
98334,125987
9624,22140
99136,22140
5231,37578
57682,62476
96464,141243
38079,141243
97244,51249
68993,152061
99057,17660
25770,120084
61648,22359
52083,34648
47813,121665
75256,64141
51546,134001
39839,78256
87711,78256
68232,82259
97125,4581
19003,106681
93924,106681
43696,5997
27012,166229
83127,124470
35904,156938
12600,106487
56626,38442
22153,161081
2934,8244
11786,8244
6497,68774
53085,131300
44265,131300
81778,64419
49692,9968
5149,9968
8053,69623
55848,69623
56264,69623
14089,69623
20015,137905
52148,38108
5308,86427
16819,70888
63604,117692
11336,78869
71517,46265
35350,63846
3971,154549
27263,85780
85089,97024
76906,97024
15712,77745
73247,90844
93682,164289
72794,152333
63349,166772
57093,59798
42032,37995
97572,76996
5376,53726
19504,103652
41537,103652
52353,19960
14908,134683
64226,8452
96171,10373
90732,5916
45444,40336
62409,40336
97876,80130
32492,80130
89751,163680
73795,163680
89122,163680
20818,132417
11434,131615
43215,36307
65249,47213
71678,59252
24992,28276
51432,28276
91939,117882
49242,90646
84630,63006
50084,63006
3405,63006
14225,63006
26866,12564
74207,12564
95817,12564
45384,12564
5432,12564
26427,12564
69240,18412
56403,18412
93676,18412
20236,18412
48892,75527
35528,121541
16573,13845
66565,63315
16226,140458
56284,5503
85957,5503
100844,73870
38432,73870
17637,139287
96190,48275
57688,94631
55301,83325
59587,19989
95562,156471
12135,156471
33878,139018
42368,139018
88357,162344
61326,35085
37939,104129
71758,104129
12097,104129
67065,104129
27230,162263
19579,26229
102517,122027
89455,57967
28925,81662
77992,11640
101889,1203
71479,1203
96454,1203
72456,1203
89502,85518
42,85518
70217,85518
35093,85518
21134,85518
96249,106647
95467,90891
50991,134084
17660,38604
56297,162108
29287,7433
19913,147776
45637,9702
83801,9702
87063,9702
45899,9702
5381,9702
93746,65785
72318,45504
80878,19950
13152,19950
45499,20330
71905,73515
67408,62330
8280,100462
47524,13349
7023,101412
61996,39881
63181,39881
66579,135272
76712,39778
28534,166354
28581,42487
43465,38639
315,51528
90156,79982
75866,12224
135,27937
100994,111840
82446,111840
83696,111840
11728,125460
36321,125460
33872,125460
79879,125460
98159,125460
24542,125460
39912,60058
44462,60058
14239,60058
21981,72095
5237,92909
36614,84544
23787,84544
100298,84544
36080,84544
88833,52185
36361,52185
24917,64160
22585,64160
96965,76301
4493,18341
18779,6533
36427,169819
48076,169819
102321,90294
67181,124894
24538,105971
75670,103318
944,129010
21796,9159
11021,154636
5407,154636
51125,154636
55012,154636
93010,154636
83485,128747
27631,21147
86414,103132
84021,153395
35378,31662
70852,31662
83734,31662
96635,31662
46741,42199
78760,42199
81442,53785
47450,116244
93615,10167
3110,157595
37537,127152
37037,146523
54015,146523
75419,130948
20433,47107
83217,39425
2223,5757
62625,22150
50476,114890
78478,51916
91809,148200
12703,90338
42019,49474
81896,72597
44218,162092
87114,107065
90173,3553
72686,56797
28284,99415
45010,84312
5247,88312
41064,124951
11823,99425
29713,99425
18033,116489
70483,66434
15656,66434
83961,119879
54178,71801
3762,166379
2959,103594
20947,149854
43159,110086
19351,110086
74780,65040
67069,64151
2690,168373
88483,75849
8032,112550
36177,159070
35083,12475
50494,121123
25138,98685
66925,98685
2852,7418
90817,9087
41750,19253
65593,170864
46346,39934
9072,159528
45063,63979
50944,66291
5052,130216
94077,34890
27483,65210
9793,65210
58809,65210
98496,156589
20412,20169
93805,22607
2423,52343
80617,52343
52811,52343
11586,52343
21337,73834
5417,84389
75317,84389
45478,30479
74945,63231
79211,30479
3106,30479
69106,30479
60494,79636
49039,45656
50370,24774
15393,79636
102826,70839
98609,67241
49351,114954
92400,8210
35630,145946
16563,145946
13842,5499
49248,5499
14501,57018
97477,2148
102511,139840
9217,139840
28367,143045
31712,49708
4221,162621
14507,2148
46385,25003
72597,25003
78949,25003
60207,57018
30486,44605
24802,44605
51873,7196
18545,57018
81266,24432
94499,57018
80507,57018
41722,160485
59541,56608
44490,57018
34481,166345
96735,68654
41604,44605
37044,44605
9481,33258
80099,33258
44393,44605
46868,33258
17802,163949
71808,33258
96054,33258
87890,33258
67702,33258
44402,90761
79390,117210
10052,3164
38431,69262
30817,36504
59666,57018
74704,72123
62914,72123
39477,159674
33639,64141
100165,64141
100432,90761
928,7975
43661,34648
69756,34648
89047,34648
96245,138853
16539,115851
94926,6866
37867,72967
935,113079
62467,72967
84404,66968
62286,82481
92801,35464
23207,63784
73905,36638
68148,32529
10453,32529
39426,43405
60179,646
10487,36638
26302,116318
10369,77527
12018,16569
18709,8218
45228,30281
70501,30281
66895,646
71345,16679
49548,141583
61512,74900
47108,157215
58633,109138
29476,157215
33335,126146
14548,157215
4882,126146
59672,101181
30940,101181
43743,101181
82840,69209
3351,69209
96529,86051
10865,142295
14123,37578
103248,16127
47166,167983
37334,87344
5330,22140
889,85949
39935,27333
38925,39830
79156,78508
52452,27333
30353,39830
91778,78508
16658,166876
21061,73136
4974,78508
25219,166876
38854,20719
28049,73136
35532,20719
91719,85246
58878,85246
93409,85246
86000,163670
16493,32465
27844,125188
51189,47284
51523,126018
9028,61531
18075,61531
75332,145705
86598,164258
44129,167923
8402,167923
52767,167923
10674,32465
102727,98384
24152,124286
44525,150879
3710,140921
54219,108328
34811,14359
71379,26934
80388,10677
21102,32465
77304,153051
14374,15987
36998,95521
29924,1914
50345,114391
27413,4732
79112,97007
68303,97007
32812,23757
46545,23757
92018,145895
23903,80499
14623,156484
3224,156484
34830,68767
82850,68767
56047,68767
70751,86246
19532,65823
4898,65823
100115,41200
18337,32977
45032,32876
79384,33942
84847,33942
80343,138037
64555,138037
47246,22876
33876,98634
98501,124470
5313,127968
54270,169886
61336,40623
4568,81802
1703,6530
102100,83363
21896,71940
77812,156696
85334,45678
87159,138037
34517,124470
44328,124470
46082,75588
89437,51558
61079,51558
26259,79520
45621,96959
33809,84639
58049,96959
52444,93163
6583,44854
56644,51558
85424,17470
47447,65914
5418,15259
87954,65914
88455,96959
64698,150863
54458,65914
58503,52343
48642,51558
101986,151484
415,137636
22536,137636
53209,137636
16012,32453
36699,94995
46285,65914
63670,155472
27108,65914
11710,81708
49338,11257
52927,170626
12011,170626
51778,123773
8923,162127
66765,68774
70834,68774
47850,109083
31988,131300
79154,92192
27642,38108
95330,168573
78522,54357
39467,54357
37685,54357
62510,100251
60629,100251
20656,100251
63333,97024
66257,157909
19322,157909
15978,53865
41321,14739
61308,14739
32816,14739
66894,76251
65727,3067
62191,37995
86493,138684
82878,114202
82490,103652
87137,134683
63360,134683
61478,122792
50051,80130
38304,69391
108,69391
68581,163680
67452,132417
97482,46089
84521,152478
58177,129184
92686,129184
31417,10984
23718,28276
85301,50986
81784,63006
76938,63006
12921,12564
94595,5505
25963,31700
74302,39455
102918,75527
52267,47408
60582,47408
11729,140458
79721,5503
44030,82048
67482,135089
62322,73341
72973,113898
78409,143981
4735,141173
102904,62452
74487,83325
24546,83325
98077,156471
12839,162344
10710,162344
86592,77067
45149,104129
24060,33220
87785,33220
69261,170864
33573,67610
89569,86759
83527,36723
34052,11640
56852,19253
20210,106647
3387,130683
7409,163550
98219,28712
53411,124181
27937,68718
80956,9702
66957,74042
9565,70491
23615,74404
31067,37546
61177,37546
11846,62330
58797,62330
29939,72399
40327,78371
8843,135272
15514,135272
19666,135272
95541,82875
79119,46295
16698,46295
46853,135272
100932,75018
37972,75018
13527,166354
40729,166354
5485,166354
14335,166354
48043,166354
5436,38639
35951,51528
53524,45320
36987,111840
11719,125460
46357,111391
3080,111391
94273,111391
49028,111391
40788,8138
6523,84544
85274,120419
87431,120419
70780,52185
46236,113675
103513,162759
40147,76301
48203,76301
52703,149442
100585,149442
8881,160362
39792,114568
4330,92275
47887,105971
92295,140807
11623,140807
5065,117452
41457,1058
16153,103014
60644,108097
88544,143685
66675,91087
32591,88295
45069,154636
77383,154636
31740,154636
9528,154636
82465,154636
61815,154636
79448,138778
94626,138778
32894,138778
16228,21147
19662,21147
48950,46482
38353,103132
32597,46482
96189,31662
62136,31662
59391,31662
54975,42199
3683,83140
92727,157595
56712,146523
49265,130948
41504,37510
72163,5757
43505,142477
82616,74517
8665,82600
50163,51916
30113,6424
54147,6424
60532,6424
60630,6424
81675,3475
72540,49474
90821,49474
45612,140741
38128,56797
72042,95435
11639,71801
86136,71801
85096,71801
54720,14433
18787,103594
54805,149854
39301,79616
22744,54209
69985,112141
98378,124869
103591,5888
675,5888
90090,171002
18338,153214
79268,96173
78654,24371
16259,24371
20744,84389
81127,79636
32872,101891
871,39222
49330,47328
88194,150041
90500,117929
24215,44605
22236,44605
75858,92524
59410,2148
86838,2148
9019,7196
61047,65174
64027,80462
48209,114640
39169,55218
51875,64141
87713,86220
17548,34648
94160,22359
8782,126012
90405,77008
38713,113079
5042,3673
69714,3673
6793,34695
62922,119108
47367,90761
9084,63229
40898,38388
17528,69355
46596,21040
30665,141226
95069,116820
39361,72967
56664,30281
54782,118238
27905,118238
43968,118238
33460,157215
84698,122497
15401,48954
37283,99110
5730,65674
47953,37578
5498,32529
48611,20827
61365,35464
43362,22140
86292,128988
8769,22360
88469,128988
100664,36638
15035,125987
102523,125987
10655,20308
11538,20308
5433,20308
14883,20308
69427,49758
29575,19246
33684,126146
19989,101181
3172,97007
43077,42721
44929,164354
59081,135859
47138,85557
54555,85557
23732,75006
69438,54657
55525,156484
44499,156484
68754,156484
59428,47895
64484,156484
23677,147882
31434,20719
32571,20719
4517,38222
36583,8710
53728,42959
63836,155389
85300,125446
86842,75877
39274,10098
63179,77109
69468,142667
47201,4732
5420,4732
29665,81708
11012,4732
63461,52343
46430,23757
95534,52343
98207,79520
15757,56792
49580,80497
70870,67589
102127,160600
88412,34314
65309,135376
77617,32465
57569,89802
34110,211
37456,39139
47123,69943
33092,10628
86314,71940
25917,71940
21873,71940
19859,156696
61188,115851
42499,27582
77743,57018
10671,57018
82222,70839
88277,170400
5423,165290
99467,32744
36787,102548
19654,14577
68623,20869
49422,136894
102275,11036
98844,16579
12174,145946
43038,145946
33350,133792
442,25003
101180,25003
34298,52830
43434,52830
49908,94995
40587,126144
100799,21157
85872,139840
35944,5499
57545,5499
23775,95850
80267,49551
38855,49551
19928,127462
78673,69342
36117,157850
21406,157850
58061,96959
44378,24316
74929,3919
98085,90761
31596,90761
62645,35464
62573,35464
94975,35464
86388,49758
17353,126146
23602,126146
95286,126146
44308,154748
4186,80497
78737,160600
32238,160600
89541,51558
12692,117210
5519,117210
29406,117210
80582,2148
47611,2148
9568,7196
70035,7196
34548,110279
17075,140598
49502,140598
47041,98099
61115,147433
68136,159674
47925,34695
84312,170137
21820,51384
81515,57386
8296,138853
16288,134619
56374,134619
93960,124997
81890,66968
48335,59175
4235,45173
10623,122497
53103,20827
102772,134748
43305,20308
29583,20308
63921,74900
26349,168651
100676,136526
28850,89586
102928,101181
2530,101181
77481,157857
26442,20719
14583,20719
47773,125188
56497,164258
59001,65488
64664,155389
32386,161251
66861,65823
43333,65823
22933,135376
48800,81163
96767,39139
19977,116131
66192,22962
40576,163620
100161,35208
29328,41101
99883,12609
4559,158569
80403,136019
37678,128286
8074,22607
77238,135409
63052,168043
64836,131063
66063,112141
68882,5888
77840,5888
5328,3776
48913,171002
93718,85246
61318,22886
22328,24371
31720,24371
60785,43405
41302,43405
89706,117574
71210,106843
21554,69502
39049,69502
46967,44605
57841,44605
38259,133610
92617,116502
43293,62863
26167,49551
20201,95850
94320,95850
64566,12994
64568,12994
76229,139840
94700,112332
57956,52830
8145,14577
23669,3752
39997,56737
75202,57018
55332,57018
41260,32465
72220,166707
11930,166707
56300,79520
62011,79520
56539,79520
81586,79520
89604,79520
40228,79520
33603,79520
34727,79520
22307,79520
102289,79520
89257,52343
38241,81708
3583,75877
86307,96887
52824,2100
9976,52283
10379,165190
6627,162573
39695,32876
41957,85557
16889,97007
87729,48790
58071,13931
6805,13931
48410,15987
40614,15987
53894,92555
78336,108328
102359,108328
89325,39197
36650,55497
32203,99407
79916,125987
47565,87502
42896,125413
26465,64711
43522,64711
57267,116820
77191,69355
22698,113079
4591,78256
25702,78256
103571,65833
17506,40396
3001,160460
90651,31199
42492,31199
98053,31199
77180,69342
12626,58047
58549,136613
43436,64138
40289,84237
40869,161028
70429,124470
5596,124470
64573,150966
30278,148118
56515,153846
90685,165594
39193,97162
36829,131300
81177,131300
73598,131300
30914,148005
93112,9968
46837,149223
23695,69623
27671,168573
99967,168573
77683,168573
54347,63846
1125,97024
43735,136405
3090,53371
61077,37995
9559,76996
60708,76996
27368,106704
7788,123618
20770,72073
95783,40336
47288,40336
44207,40336
83398,163009
17547,163680
94497,130791
17516,58246
5591,117144
23929,47213
18984,47213
13244,47213
102361,47213
6607,159187
58224,28276
78329,117882
87724,12564
83591,72348
80826,789
79601,789
17623,47076
102431,16146
88136,42767
6654,156471
77804,135271
76055,18900
95576,104129
97838,24679
63300,129711
100839,25587
47717,142488
65429,95974
51587,1203
32667,87057
12027,152746
51230,134084
3626,68293
61163,65785
39743,19950
29091,19950
96879,20330
46089,140166
9902,39881
92072,135272
39383,135272
49117,135272
99664,135272
1951,135272
25378,75018
66310,33051
98083,166354
2672,166354
90341,133134
9496,111391
62149,72095
37824,84544
86520,100684
52861,64160
52728,64160
18067,44957
72906,87575
90747,159975
39460,108097
40394,15661
64553,119697
31146,154636
92932,154636
61810,154636
35963,128567
74530,39253
12791,68615
32718,138778
82968,21147
83169,21147
46768,153395
62208,31662
96864,31662
54999,31662
97589,31662
78115,128121
39135,128121
34309,28443
57732,130948
43122,142477
25563,20647
5668,98989
2207,88798
5547,142200
58087,120078
10763,126623
48170,136276
65892,146705
85037,84312
93298,99425
8595,125756
5035,14433
98007,10180
28813,149854
91814,132782
20910,132782
74582,152199
78333,112550
95694,98685
23592,7418
57346,152709
18052,148220
53950,15598
94010,101141
43753,157850
27913,157850
45898,157850
20609,96959
62465,96959
93903,96959
25890,39695
38319,39695
47334,39695
71955,39695
37371,39695
44352,90761
5754,75809
81758,167298
40836,90761
40287,6866
42218,35464
66401,118111
94193,36638
13037,36638
86415,49758
9235,126146
102889,126146
42865,146579
5531,126146
59995,126146
57689,124141
85092,7177
40873,35877
42421,116555
101942,108350
26075,74630
44180,156072
38714,118569
20379,127841
92581,53214
13741,69342
19575,121400
70229,82259
7993,160619
29699,148209
72551,157750
53547,157750
70370,69943
31380,166345
73435,166345
79507,51558
42157,42676
12373,151893
45374,59529
429,11257
57249,33955
96125,127189
15550,138037
75024,138037
56748,646
67887,117210
8262,117210
51314,34648
46659,34648
18022,30479
20533,30479
103512,30479
6857,30479
61554,120084
38539,30479
12041,17660
61179,17660
58695,77008
40297,2148
19691,77008
43719,70873
73868,7196
38276,22499
94311,80462
1276,63784
4729,17643
85066,116820
7745,141243
47066,85764
33018,73027
18820,98099
65463,126530
65083,37578
5727,37578
38653,63229
28798,22140
19792,22140
2467,22140
31878,51384
68777,51384
35382,51384
19412,22140
33366,51384
65805,21040
75241,21040
66593,21040
79495,99407
49413,51135
27141,145705
29843,145705
43874,145705
22816,145705
55195,81131
99041,72967
75176,81131
92096,81131
89731,72967
52138,87819
10739,19246
75630,19246
73254,59175
78395,31068
38277,31068
70981,60861
47417,60861
44575,60861
99458,22414
40205,144768
68794,156484
15581,32977
35743,116318
27269,116318
11192,132190
33111,147901
84670,38222
41218,62351
19191,62351
27020,2090
38761,74900
51700,2100
19794,164211
87599,65520
5618,160476
97737,160476
102676,101181
99080,101181
82393,75877
17016,75877
29995,69209
33344,69209
41144,69209
96252,75877
11389,148421
43321,42721
26468,81462
45092,109084
5069,20808
12407,74427
19999,20719
96622,166707
37922,50239
26720,125188
36705,166707
94078,166707
3322,125188
48730,125188
42653,125188
69092,125188
1184,169234
76107,32465
15290,32465
3659,32465
12287,32465
20820,32465
95219,32465
65191,32465
5384,150438
44419,150879
64614,150879
79425,115851
35192,8832
36400,125699
8370,72123
66322,125699
64051,34851
38760,57018
38204,70839
38529,70839
75343,57161
67994,77109
72322,3752
40867,32744
50458,79064
16237,145946
53038,162621
31608,25003
66910,25003
74239,25003
8155,69460
26771,52830
90089,68767
57937,65823
4480,65823
68525,37057
59924,37057
16225,37057
37946,37057
82719,64467
102142,37057
60224,16141
2025,67589
5696,91657
27926,126791
20386,80030
67563,95399
80082,95399
46410,95399
32620,24209
15003,89802
66610,13444
70621,89802
103451,89802
67268,81163
50231,169886
4961,128466
22224,72354
72089,71940
54726,45797
84606,131542
75818,131542
71073,165614
97310,165614
60953,165614
60726,165614
41599,45678
68844,27734
27258,137196
75143,137196
79939,84389
77343,79636
53798,167197
15767,170400
19120,170400
34310,9112
74173,9112
49275,9112
58713,9112
27835,84639
30168,104654
9487,15259
49478,15259
3884,43405
94600,35208
5633,43405
35697,43405
65693,43405
58042,24371
43349,108673
60961,110899
71872,112141
2249,112141
67302,147652
34890,85369
92240,3321
69511,37427
102220,37427
4222,46482
54480,123773
19161,109083
30692,131300
53531,69623
70087,117692
24082,42988
34004,54357
9950,54357
49773,54357
29007,54357
20978,54357
14427,54357
36815,54357
5198,100251
32986,77745
32281,152333
28877,28413
73007,76996
11253,86764
81008,76959
81578,91145
30611,120208
75895,53346
76987,53346
40480,53346
95686,10325
4555,103652
34158,134683
88704,10373
94543,10373
50068,40336
83306,155017
55243,153551
80852,104933
103398,80130
84409,8648
99262,124824
42543,91182
39918,51852
96338,163680
92540,163680
64059,152478
50933,152478
13281,152478
3649,30971
43168,159187
55528,159187
67616,46906
5697,63006
74481,12564
55170,12564
60237,18412
55071,18412
13341,18412
35315,18412
58430,5505
80860,135865
62482,50
45592,88764
83470,88764
99606,88764
48793,88764
14054,31998
93841,82824
65607,143981
49822,102014
99391,83325
21904,136919
74613,62080
40783,23006
63153,162344
9708,162344
15574,162344
63123,9595
5516,25587
79325,135147
38462,78274
2162,48507
71096,109349
80274,109349
59609,144742
59050,149841
65798,149841
39542,149841
71090,57967
85493,116430
58540,16178
17914,130239
78059,51205
35955,106647
71807,103856
66667,3179
60656,943
5323,140203
65799,38604
99046,123370
94648,9702
92460,120498
52918,124758
47564,137129
39692,20330
94977,165387
17108,39881
88513,75018
79579,145303
55680,45320
4717,146386
29574,144549
80774,157827
74126,78694
40409,78694
28313,120419
56540,19198
18258,19198
92988,29727
59471,64160
4351,64160
78467,76301
37466,76301
54243,169819
30249,90294
47394,105971
3991,38741
8366,77571
5450,159166
9640,139648
66308,103014
93614,119697
95649,88295
41591,154636
33934,154636
24850,154636
51034,154636
74818,154636
75909,154636
19438,154636
37290,154636
55938,154636
67029,154636
71317,154636
23654,5825
49633,97025
45097,97025
33548,47193
54348,47193
81611,21147
4187,31662
4802,31662
78359,31662
74494,31662
88438,31662
49128,42199
83203,117771
29086,146523
81029,146523
48595,5757
41464,5757
30584,5757
46694,3887
25013,82600
34373,148200
73551,7643
83497,91490
61259,38019
27661,44042
88900,55456
5852,64197
36454,114597
5518,147936
59836,88312
17750,88312
37624,88312
20568,88312
11609,88312
64546,88312
65007,88312
63585,24979
82586,124951
41761,99425
60330,99425
5155,116489
20259,66434
26138,66434
31807,66434
6930,66434
87298,125756
61505,103594
65254,103594
94813,149854
33799,64151
101134,10598
93867,10598
28728,10598
60943,91393
98616,112550
44401,7418
55285,9087
2183,170864
97713,17242
43117,83271
18841,126722
84100,147615
